Client_Name,Address,Suburb,Postcode,Phone,Service_Notes,Avg_Job_Value,Last_Service_Date,Last_Year,Total_Jobs
Johan,31 Highway Drive,Morphetvale,,407351004,2br+off+L+H,125.0,Thurs 18/7/24,2024,16
John,30 Elizabeth Cres,Carrickalinga,5204,85583376/408583701,3r,149.0,Wed 8/11/23,2025,15
Ellen Weinert,U4/20A Cudmore Tce,Henley Beach,,412743569,BP+D,145.0,Wed 15/5/24,2025,15
Colleen Mccalum,54 Grantley Ave,Victor Harbor,jc.mccallum@bigpond.com.au,85526572/408841921,L+Family+3 br,173.0,Fri 10/10/25,2025,12
Arthur Diamond,94 Henley Beach Rd,Mile End,5023,83565806/401438002,289,234.0,Fri 27/12/24,2025,11
Anna Green,36 Tucker Cres,North Haven,D+L+P - cats throw up,400989665/,2b +LD+P,149.0,Tues 10/12/24,2024,11
Julie Hollams,38A Belmont Cres,Maitland,EFT Paid,88322698/417859251,3r+2 large rugs,149.0,Mon 28/4/25,2025,11
Bev Lois,24 Janice St,Murray Bridge,5254,85310275,LDb+P+lounge chair,122.0,Mon 20/10/25 ,2025,11
Mrs Blanchard,17 Gare Crt,V Harbour,5211,85526926,L+B+1long runner+2 sm runners+1 round mat+1 rect mat,373.0,Thurs 9/10/25,2025,10
Vicki Ellis,64 Valley View Rd,Mclaren Vale,5171,429846291,7 seater$2801x2 fabric$150L4b+rug$220,272.0,Wed 19/3/25,2025,10
Mrs Ann Solomon,U54/3 Cashel St,Pasadena,431421894,81795654/411094655,D+L+2b+study,173.0,Thurs 16/10/25,2025,10
Mrs Liz Kibbler,11 Kelly St,Balaklava,5461,88622081,L D Comb,107.0,Mon 13/10/25,2025,10
Mrs Daphne Neville,48 Quebec St,Goolwa,5214,85552930/411091294,L1b,133.0,Tues 6/2/24,2025,9
Mrs Smith,6 Teak Ave,St Agnes,5097,82635512,LHDBR,122.0,Thurs 25/1/24,2025,9
Happy Valley,22/7/24 he passed away try them Dec24,Happy Valley,Mrs Templeton,David,Happy Valley,5159.0,U109/ Happy Valley Rd,2024,8
Belinda Wunder,625 Clinton Rd,Maitland,5573,418859440,3br+P+4rugs+2 ottoman,374.0,Mon 28/4/25,2025,8
Mr Ian Fraser,10 Cameron Rd,Klemzig,5087,82618676,2 medium rugs+2runnersb+office,269.0,Mon 24/06/2024,2024,8
Gale Martin,316 Blockers Rd,Myponga,5202,85561223/438829076,3br+H,262.0,Thurs 3/4/25,2025,8
Janet  & Wayne Williams,15635 RM Williams Way,Carrieton,189,86589018/487285979,L+2b+1mat,155.0,Tues 29/7/25,2025,8
Mrs Braithwaite,4 Banksia Crt,Normanville,5204,85582097,L+main br+P,139.0,Fri 10/10/25,2025,8
Margaret Kelly,U41/35 Coleman Pde,Evanston Pk,5116,85237441,2bLD+P,138.0,Mon 7/7/25,2025,8
Gerda & Jeff- Real Estate Agent,76 South Tce ,Peterborough,5422,427188316,D+L+P+br,135.0,Tues 29/7/25,2025,8
Maria,143 Lyons Rd,Dernancourt,5075,438031989,2 seater+LHB,135.0,Tues 23/7/24,2024,8
Sue Mitchell,U7/37 Whyte St,Somerton Pk,EFT paid,82776370/417889973/458544125,3r,135.0,Thurs 1/5/25,2025,8
Carol Brown,U70/28c King George Ave,Hove,,82980670/455577782,LDB,133.0,Mon 9/12/24,2024,8
Julie,116 Main St,Carrieton,130,86589004/428499400,1 big lounge ,133.0,Tues 29/7/25,2025,8
Margaret & Dennis,U11/1A Lynn St,Aberfoyle Pk,5159,417870943,2b+H+LD,122.0,Wed 30/10/2024,2025,8
Mrs Helen Baker,22 Munroe Ave,Sefton Park,5083,83423454/407830640,LP+1b,122.0,Thurs 26/6/25,2025,8
Andrew/Angela Shiller,114 Wattle Drv,Mccraken,5211,85527754/428964118,H+L+B,112.0,Thurs 3/7/25,2025,8
Ross Tuckwell,U3/61 Riverside Dve,Goolwa Sth,5214,400168064,,100.0,Wed 2/7/25,2025,8
Samantha Martin,121 Lawless Lane,Myponga,,400037554,4br+Large mat in living area+6 seater,427.0,Wed 7/5/25,2025,7
Kathryn Crouch,187 RiverGlen Rd,Crystal Brook/Merriton,Kingstown,86366223/417817624,2R+LD+Back Room + Rug,297.0,Thurs 22/5/25,2025,7
Judy Wells,131 Murray Rd,Port Noarlunga,5168,81861296/411502218,all carpets+L+TVR+D+H+bed,195.0,Tues 8/7/25,2025,7
Mary Smith,1B Tarcoola Ave,Brighton,Suki,409875406,LD+3Br+Rug,181.0,Tues 21/10/25,2025,7
Mrs Jones,9B Farquhar St,Oaklands Pk,5214,82982975,1 r,170.0,Tues 11/6/24,2024,7
Jamie Francis,539 Maitland Rd,Maitland,,429977853,5 an half rooms,158.0,Tues 29/4/25,2025,7
Mrs Rosemary Butler,5 Trevilyan Crt,Coromandel Valley,,82782773,FHB+scotch,137.0,2025-01-30 00:00:00,2025,7
Emily Battersby,9 Beauval St,Wilmington,,427822775,LR_ 1 br+ 1 rug,133.0,Fri 23/5/25,2025,7
Margaret Smith,Cnr 6th and 1st street (Church),Quorn,freezer left on by Suki no charge,86486277,1 large room,124.0,Fri 23/5/25,2025,7
Mr David Watson,U37/35 Coleman Pde,Evanston Pk,5116,85237437,3r,101.0,Mon 12/12/22,2022,7
Margaret,U45/3 Belperio Court,Paradise/Thorndon Pk,5210,85568063,27 Peters Tce,97.0,Mon 3/04/2023,2023,7
11.30am,David,U2/198 Pt Elliott Rd,,5211,new,,"19/8/23 disconnected,25/11/22 na,3/3/22 still good call in 6 months she has white carpet needs cleaning,26/3/21 new carpets call in a year",2023,7
Ern/Pat Kelly,27 Esplanade St Centre Dover Pl,Christies Beach,5164,83828131,14 steps+ landing,312.0,Tues 18/3/25,2025,6
Jenny Corkhill,86 Pulsford Rd,Prospect,345,82689789/422187907,1r$119sm rug$25 medium rug$50,311.0,Wed 23/4/25,2025,6
David Mills,17 Catt Dr,Strathalbyn,,439812241/85918180,5seater+L+ 1BR+H,308.0,Wed 4/9/24,2024,6
Mrs Pat Haines,U223/1 Maud St (Rosetta village),Victor Harbour,140,85521824/431969154,4 areas$159L+2b+Porch+spot cleaningof blood$30,240.0,Mon 11/7/22,2022,6
John Williams/Brenda,388 Henley Beach Rd,Lockleys,220,83518110/409005805,3x2 leather brown,205.0,Tues 27/8/24,2024,6
Paula Wegener,1341  Maitland Adrossan Rd,Ardrossan,EFT ,437235662,LP+2rugs+2 bar stools+bedroom,198.0,Wed 4/12/24,2024,6
John & Marion Balestrin,5 Ferguson St,Crystal Brook,159,86363058,LD1+xtra B,175.0,Thurs 22/5/25,2025,6
Mrs Jane Lowry/Malcolm,106 Wattle Dve,Victor,5211,85521967/409521967,2B+study+P+halway+2 recliners,174.0,Wed 23/10/24,2024,6
Janet,1400A Paris Creek Road Glenbar,Strathalbyn,85362017,458045100,3r,163.0,Thurs 3/4/25,2025,6
Mrs Nettle,28 Dolphin Rd,Fishermans Bay,5480,86632387/409907748/428632387,LD(Rugs over)+B+K+P,157.0,Wed  29/5/24,2024,6
Helen Blake,U17/71 Glouchester Ave,Belair,,82787264/499888746,LD2b,154.0,Tues 25/3/25,2025,6
Laurie & Jennifer Day,82 Nicholl Ave,Aldinga Beach,5173,85565439/403803533,3r+2rugs,153.0,Thurs 23/1/25,2025,6
Leoni Dohnt,2 Ferguson St,Crystal Brook,,439465520/86363124,LH+1 recliner,152.0,Tues 13/8/24,2024,6
Ann Fawkner,U1/29 Adelaide Rd,Mccracken,435085040,85526074,LD+1br+study+mat,146.0,Thurs 5/9/24,2025,6
Lynn Pratt,2A Jersey Crescent,Goolwa Nth,,439899496,2r+1 lounge mat,140.0,Thurs 11/7/24,2025,6
Mrs Christine Searle,5 River St,Murray Bridge,5254,85325303,L+2P+ 1 round mat+free scotch,138.0,Mon 7/4/25,2025,6
Mary Roesler,U94/35 Coleman Pd,Evanston Park,,85237494,1b+P+L,136.0,Tues 8/4/25,2025,6
Max Jones,U179/ Homestead Ave,Walkleys Hgts,shd be $129.00,83681840,LD+2Br+P,134.0,Tues 28/5/24,2024,6
Barbara Keen,U6/6 North St,Henley Beach,5022,403976473,LD+ spots,131.0,Mon 27/2/23,2023,6
Theresa Slee,U107/18 Montpellier Tce,Pt Elliott,,85541809,3B+H,131.0,Wed 5/3/25,2025,6
Mrs Joyce Phillips,111 Murray Dve,Murray Bridge,5254,85321706,3r,129.0,Wed 24/7/24,2025,6
Jeff Watkins,33 Rapid Ave,V Harbour,,402813472/85523695,1b+L+back R+WIR+mat,126.0,Thurs 22/2/24,2024,6
Richard Hatcher,U255/36 Hillier Road,Hillier,5116,85223539/408085739,L+2R,126.0,Mon 24/3/25,2025,6
Mr Clayburn,U18/35 Coleman Pde,Evanston Gdns,5116,85237418,LDH,119.0,Mon 29/9/25,2025,6
John Raison,3 Bedford Crt,Goolwa Nth,,85553337,L2b,114.0,Mon 27/10/25,2025,6
Ann Mathews,U43/35 Coleman Pde,Evanston Park,400610117,85237443/400610117,L+2br walkways,111.0,Mon 15/1/24,2025,6
Marg Dawkins,U27/7A Wheaton St,Plympton South,90,82970904,3r,111.0,Thurs 15/6/23,2023,6
Mrs Mary Lovegrove,U24/1215 G J Rd,Hope Valley,,82636437,3r,111.0,Thurs 25/1/24,2025,6
Mr Len Jones,U4/61 Riverside Dve,Goolwa Sth,5214,85555615/412867166,3r+1rug,106.0,Wed 12/7/23,2023,6
Mrs Wood,90 Fenchurch St,Goolwa,5214,85551486,LB+3 tiny mats,101.0,Thurs 22/1/25,2025,6
Juliene & James Vandepeer,1239 Maitland Rd ,Ardrossan,EFT ,88373269/438032418,3 rooms+L$169 white rug$50Long blue sofa$249,503.0,Mon 28/4/25,2025,5
Cheryl Moore,207 Warnertown Rd,Port Pirie,418192909,418192909,6 seater rino $240+4 rugs,387.0,Wed 29/5/24,2024,5
Annette Gilson,33/7 Liberman Close,Adelaide,5051,419810535,3bH/stairs+lounge downstairs,352.0,Thurs 24/4/25,2025,5
Trevor,17 Clair St,Largs Bay,,84494259/428815909,4bLD+L downstairs+34 steps,340.0,Fri 19/1/24,2025,5
Emma White,33 16th St,Orroroo,139,439131514,3r ,310.0,Thurs 30/5/24,2024,5
June Turner,72 Trimmer Pde,Seaton,5023,84458030/437888138,2r$120+3seater$140,309.0,Thurs 13/11/25,2025,5
Colleen,3 Clifford St,Ascot Pk,5043,82769762,L2b+2x2 fabric,272.0,Tues 4/6/24,2024,5
Helen Duncan Stacey,17 Harriet St Strathalbyn,Strathalbyn,5255,416075052/85363069,LD+1R+P rooms+ B & B (1R),225.0,Thurs 27/4/23,2025,5
C Carter,58 Fairview Tce ,Clearview,,82625415,3 chairs scotch+all carpets,221.0,Wed 23/7/25,2025,5
Jenny Pritchard,8 Markland St,Milang,,407793746,2 seater+chair$110L rug+2runners$100,219.0,Mon 27/10/25,2025,5
Kevin & Sharyn Smith,47 Mitchell St East,Seaton,EFT paid,447781812,3R+ 2seater+ rug,199.0,Thurs 26/10/23,2025,5
Tony & Janne Nelson,U162/18 Montpellier Tce,Pt Elliott,5212,85543626/408976670,3br+1 xtra large rug+1 runner+2 mediuam rugs+1 sma round mat,198.0,Tues 28/10/25,2025,5
Deidre Norman,U4/14 Ormond Ave Daw Pk,Daw Pk,5041,82763486/0434344767,2 setaer+rug+B,192.0,Tues 25/2/25,2025,5
Leela Goodman,42 Thornton Dve,Greenwith,EFT Paid,83691002/0427052675,3b+L+off,190.0,Fri 7/11/25,2025,5
James Eming,6 Little Corella Crt,Murray Bridge East,5253,410651432,3r+L+h,188.0,Tues 13/2/24,2024,5
Mrs Sadler,7 Albion Dve,Strathalbyn,5255,85362372/477782441,1 room,184.0,Thurs 9/05/2024,2024,5
Helen Daulby,33C Fidock Rd,Goolwa Nth,,437238568,leather lounge+2rugs,182.0,Thurs 3/7/25,2025,5
Chris Collier,U31/33 Golden Grove Road  ,Ridgehaven,,415200351,2 rec;iners,174.0,Thurs 16/5/24,2024,5
Chris Freeman/John,1 Burnard St,Normanville,438843278,85582514/407796732,LB+1 rug,169.0,Wed 20/11/2024,2024,5
Lorraine Potts,25 Wattle Rd,Wilmington,400994459,None,"br walkways,1 main br,lounge r,1 br,",169.0,"26/2/22 not now,10/4/21 call in 3 months has dogs",2025,5
David Smoker,U119/18 Montpellier Tce,Pt Elliott,5212,85542174/417465989,3B+study + 2 rugs,165.0,Tues 17/12/24,2025,5
Peter Wilson,7 Ferguson,Crystal Brook,,86366252/418366252,Lounge ,165.0,Wed 30/7/25,2025,5
Jill Kerr,272A Lower Athelstone Road,Athelstone,5076,414914386,4br+P,163.0,Thurs 6/11/25,2025,5
Jan White,11 Tuscany Way,Woodcroft,5162,434815957,LDP+2b,160.0,Thurs 14/11/24,2024,5
Clayton Waterman,609 Survey Rd,Melrose,,429180087/86665203,2br+1 large rug,157.0,Wed 18/9/24,2024,5
Wendy Blight,U43/1 Lynn St,Aberfoyke Pk,,408850719,2r+sm H+D+L,154.0,Mon 23/9/24,2024,5
Esther & Phillip Smith,14 Eagle Hawk Rd,Modbury,,402096794,LD+br walkways only,152.0,Wed 15/01/25,2025,5
Leslie Briggs,U12/192 Liverpool Rd,Goolwa,5214,85555241,2 rugs+office,152.0,Mon 27/10/25,2025,5
Sylvia Smith,Villa 4/2 Ocean Rd,Hayborough,5211,488381444,2r+3r,150.0,Wed 7/2/24,2024,5
Wendy Turbul / Mrs West,12 Ayr Court ,Semaphore Pk,Leather Lounge,438823568,3r+1 rug ,147.0,Wed 21/8/24,2024,5
Carmel Schofield,15A Allchurch Ave,North Plympton,,83513843,3br+rug+6 dining chairs,143.0,Mon 17/2/25,2025,5
Alison Jefferies,U103/18 Cross Rd,Myrtle Bank,,408547109,LBH,141.0,Fri 13/9/24,2024,5
Kevin Scheer,U109/35 Coleman Pde,Evanston Pk,,85237509,LD+P+2b walkways,140.0,Wed 6/11/2024,2025,5
Mrs Tham,30 The Parkway,Victor Harbor,5211,85525394,2R+P+area in L,140.0,Wed 7/8/24,2025,5
Lillian James,U50/7 James Place,Moonta,,88252544,L+B+1br+P,139.0,2024-04-24 00:00:00,2024,5
Susan Pavia,U68/28c King George St,Hove,R/C,421918055,4r,137.0,Mon 13/5/24,2025,5
Glenda Shepherd,7 Lorrikeet Ave,Murray Bridge,5254,419213780,3r+Hshe asked  gave her price,133.0,Mon 20/10/25 ,2025,5
Julie Chapman,15 Queen St,Peterborough,,458539730,L+2br,132.0,Tues 29/7/25,2025,5
Tatiana,5 Branston Crt,Vale Pk,,432912563,LD_1b+H,131.0,Tues 18/10/22,2022,5
Vicky Johnson,11 Roberts Ave,Balaklava,,new phone475063717,3r+x room,131.0,Mon 13/10/25,2025,5
Wendy Gardener,U6/3 Cashel St,Pasadena,5042,81795606,DLH+sm mat,131.0,Wed 10/7/24,2024,5
Helvi,U149/9 Happy Valley Dve,Happy Valley,,83922749,3r,130.0,Mon 10/2/25,2025,5
Pam Fletcher,U/86 50 Woodcroft Dve M/Vale,Morphetvale,,83226817,PLDB,130.0,Mon 27/5/24,2024,5
Margaret Johnson,13 Roberts Ave,Balaklava,,400207134,2r,122.0,Mon 13/10/25,2025,5
Maureen& Ray Krause,120/7 Sommer Pl,Pasadena,,82777084,LDH,121.0,Tues 22/7/25,2025,5
Barbara Medina,U144/9 H V Dr,Happy Valley,22/7/24 not now call in Dec 24,83922744,2b+L,116.0,Thurs 14/10/21,2024,5
Ann Steward,U1/10 Don Ave,Seacliff Park,5049,423529773,L2r+P,113.0,Tues 25/3/25,2025,5
Beth Marsh,15/3 Cashel St,Pasadena,5042,81795615,dbl,112.0,Thurs 2/10/25,2025,5
Sandy,2542 Bull Creek Rd,Tooperang,5210,427336492,L+back roo+2 rugs,112.0,Wed 4/9/24,2024,5
Jim Schroeder,U106/50 Woodcroft Dve,Morphettvale,5162,83871197,1b2little r+sitting r,109.0,2025-01-09 00:00:00,2025,5
Mrs Hawes,U219/Glenoth Dve,Happy Valley,,83922819,2brug,107.0,Tues 14/5/24,2024,5
Mr Rasmas,15 Mullins St,Pasadena,,412870794,B+H+L,106.0,Tues 22/7/25,2025,5
Mrs Val Moody,17 Seymour Tce,Ascot Park,,82774080,LDP,106.0,Thurs 16/1/25,2025,5
Don Amess,29 Lodden Rd,Murray Bridge,5253,85312918/466644257,L+H+b,100.0,Wed 24/7/24,2025,5
Kadina,"21/7/20 call next time there,bked 1/2/20",12.30pm,Vony,Suki,Kadina,5554.0,42 Lipson Ave,2024,4
Joanne Linke,253 Wells Rd,Tiddy Widdy Beach,,407727725,3seater+3seater+ottoman$265 4rooms$129+2 rugs$60,690.0,Wed 4/12/24,2024,4
Jan Wheal,7 Martin Rd ,Yankalilla,,408832334/85583437,2LXrugs$100+med rug$25+sm mat$10 B+sp R+WIR$1593 L settes bottom cleaning $120,507.0,Thurs 6/3/25,2025,4
Brian & Wendy Turner,8 Deependene Ave,Bellevue Hgts,551,83741635/407310387,"steps,living r bedroom, lounge suite,1 other room",452.0,Mon 6/11/2023,2023,4
Mrs Tilly  Darley,109 Grant Ave,Toorak Gdns,5065,84311222/0411770664,l+1rug+2runners+1 sm rug $100+17steps$59.50+3 seater suede $105 +1 chair $20+ 2 more rugs $20,404.0,Mon 3/6/24,2024,4
Lorna Howieson,16 Tidewater St,Aldinga Beach,5173,427581120,4 seater+1arm chair+all mats+steps,401.0,Tues 4/2/25,2025,4
Mr Adrian Lange,31 Ludgate Hill Rd ,Aldgate,5154,83395981/488178552,3R+4 n half seater,368.0,Mon 28/7/25,2025,4
Julie Taylor,69 The Oaks Parade,Aberfoyle Pk,,431297053,"10 steps , Large Loune+office+br",334.0,Mon 23/6/25,2025,4
Abbey  & Rudy Franceschinel,337 Blockers Rd ,Myponga ,New,419858928/456758137,6 seater+2 bedrooms,325.0,Thurs 23/1/25,2025,4
Gail & Nel Reuter,101 Fencchurch St,Goolwa,,85553194/427521443,Upstairs & downstairs all carpets,316.0,Thurs 21/11/2024,2024,4
Jane Radunz,36 Rockhampton Lane North Adelaide,North Plympton,Hipages,419862109,2 sofa 2 seater each$200+16 step$80s+2 rooms upstairs$159,300.0,Mon 26/8/24,2024,4
Pat Beggs,U157/9 Happy Valley Dr,Happy Valley,219,407884451,1 large 2 seater@$40 ea+2 recliners@$40 ea+4 brown cubes+1 green cube@$30+ carpets?,296.0,Mon 25/11/2024,2024,4
Chris Casey,103 Moscow St,Peterborough,,448550200,4seater+LH,294.0,Thurs 19/9/24,2024,4
Naomi Fewings,247 Lady Gourie Dve,Largs North,5016,82425368/400121071,3brh+hall rinner+2 rugs+ cloth bed head,287.0,Wed 1/5/24,2024,4
David Kimberly,U69/17 Wilmett Rd,Goolwa,5214,408543723,Rug H+D,284.0,Thurs 21/12/23,2023,4
Eileen Nelson,367 Seaview Rd,Henley Beach,EFT,449976810/82321029,Steps ,274.0,Wed 23/11/22,2022,4
Sue Rodgers,9 Ashby Ave,Blackwood,suerodgers67@gmail.com,417873788,piano r+L+1 br,257.0,Thurs 22/1/25,2025,4
Fay Yates,U14/3 Cashel St,Pasadena,5042,81795614,3 recliners$150LDB$1592recliners$802b+off+L$139+rug$25,246.0,Mon 11/11/2024,2024,4
Mrs Anderson,U70/17 Wilmett Rd,Goolwa Beach,5214,0419846483/85551360,L study+1 runner,246.0,Thurs 12/10/23,2023,4
Kay Rankin,21 Princess St,Peterborough,,438515450,2 fabric cream $80+ small chair $150+2br$129,242.0,Fri 20/5/22,2023,4
Janet Welch,U10/29 Delfin Dve,Delfin Island,West Lakes,84497361,2 lounge chairs+LP+2b,230.0,Wed 29/1/25,2025,4
Margaret Scrimshore,U4/14 Victoria St,Payneham,,488140200,LP+2b,221.0,Mon 14/4/25,2025,4
Mrs Eilleen Bury,U44/25 Parker Ave,Strathalbyn,,85362739,4 seater+L room,216.0,Thurs 9/11/23,2024,4
Yvonne Stone,4 Huntingdale Dve,Normanville,,419820046,4mats$252xtra rooms$803br+2big mats $189,216.0,Tues 17/12/24,2024,4
Tracy Innes,4 Maynard Crs,Parafield Gdns,,412924804,3 sm r+r+2sm runners +sm mat,213.0,Wed 25/9/24,2024,4
Jan Carpenter,Unit3/14 Victoria St,Payneham,,404933868,3r+P,197.0,Mon 14/4/25,2025,4
Sunny,29 Cascades Dr,Mawson Lakes,189,405744287,Upstairs $149 stairs 15x5 $75,186.0,Wed 19/6/24,2024,4
Mrs Kevyna Gardner,9 Virgo Tce,Balaklava,EFT-Paid 21/7/20,88621760/0438621761,2 large rugs lounge+3 smaller rugs in bedroom +runner,185.0,Tues 14/11/2023,2025,4
Leslie Shute,U50/9 Happy Valley Dr,Happy Valley,5159,83922650,4r,180.0,Mon 23/10/23,2023,4
Edwina Lee,21 Perth St,Pt Noarlunga South,5161,5161,5r,172.0,Tues 4/2/25,2025,4
Barbara Boxer,U33/3 Cashel St,Pasadena,,81795633,2br study D+L,170.0,Thurs 2/10/25,2025,4
Mrs Mal & Bev Phillips,17 Stephens Dve,Ridgehaven,5097,83960090/417810655,2brPFLoung room,164.0,Wed 15/1/25,2025,4
Anthea,30 Shannon Tce,Maitland,,427161921,2b+study+L+1 runner+3mats,162.0,Thurs 5/12/24,2024,4
Pat Baker,U3/6 North St,Henley Beach,,411048386,LD+blood stains,162.0,Tues 11/2/25,2025,4
Wendy Gooch,U159/9 Happy Valley Dve,Happy Valley,,83922759/498650126,LB+D+office,162.0,Tues 17/6/25,2025,4
Ingrid & Hans Brickell,U1/24 Gardiner St,U219h,5214,85552827/0408118224/419217116,LD,157.0,Thurs 9/05/2024,2024,4
Madeline Lloyd,U18/17 Wilmett Rd,Goolwa Beach,5214,85555673,LD+sm H,157.0,Wed 8/05/24,2024,4
Amanda (MandaLena) Anthonysz,31 Swamp Rd,Strathalbyn,,427363029,3Br+1 rug,152.0,Thurs 19/1/23,2023,4
Nanette Hancock,U153/9 Happy Valley Rd,Happy Valley,,72005419,3bL+mat,152.0,Tues 13/4/21,2025,4
Pam Streames,U73/35 Coleman Pde,Evanston Park,,85237473/407727761,1br+L+H,150.0,Thurs 28/11/2024,2024,4
Ron & Pam Shipard,U34/7 James Pl,Moonta,,88252715/428849907,LoungeDining,150.0,Tues 29/4/25,2025,4
Julie/Chris,U1/2 Michael St,Encounter Bay,5214,                                                                                                                                                                                                                                                                                                                                                                                                                                                                                                                                                                                                                                                                                                                                               ,Large L+2b next time $159,147.0,Wed 7/8/24,2025,4
Alex,85 Lyndoch Rd,Gawler East,,499355022,2r+sm rug,145.0,Tues 2/5/23,2023,4
Helen  Waterman- Clayton's mum,21796 Horrocks Highway,Melrose,chq,417665203,2br+ 1 stain+ 1 rug,144.0,Thurs 22/5/25,2025,4
Pam Hill,40 Park Ave,Semaphore South,,423005373,LB,144.0,Wed 8/10/25,2025,4
Mrs Phillips,1 Hawk Rd,Murray Bridge,5254,85321504/407795706,3r+3rugs,143.0,Fri  27/01/2023,2023,4
Bell Scott,U96/35 Coleman Pd,Evanston Pk,5116,85237496,2b+h+d+l+rug,142.0,Mon 12/12/22,2022,4
Linda Christine Morris,U27/1A Lyn St,Aberfoyle Pk,5159,408210950,P+2br,142.0,Tues 8/7/25,2025,4
Margaret Bond,59 Norman Ave,Normanville,5204,422740452,LDPB+off,142.0,Wed 20/11/2024,2024,4
Yvonne Scrutton,6 Manistry Dve,Yankallila,90,85582810,2 r,140.0,Thurs 13/7/23,2024,4
Jenny Fletcher,15 Tamoshanter Pl,Mccracken,,85522040/448522040,4r,137.0,Thurs 6/3/25,2025,4
Annette & Leon Harvey,19 Lambert Ave,West Lakes,99,84492359/411349567,LD,136.0,Wed 6/09/2023,2025,4
Margaret Ainsworth,U100/35 Coleman Pde,Evanston Gdns,,85237500,L2b+P$129,136.0,Mon 24/3/25,2025,4
Barry Bruce,16 Waring St,Kadina,5554,88211142,2BR+office + P,135.0,Thurs 5/12/24,2024,4
Carol Parker,U30/30A Norfolk Rd,Marion,,417824673,2br+study,134.0,Tues 12/11/24,2024,4
Mr Ian Jurgs,U102/3 Cashel St,Pasadena,,456390056,L+B,134.0,Thurs 23/05/2024,2025,4
Meriel Lane,19 Humphries St,Balaklava,,428499856,1 rug,130.0,Mon 13/10/25,2025,4
Rhonda Johnson,U5/25 Parker Ave,Strathalbyn,,400735619,,129.0,Wed 9/11/23,2024,4
Bonnie Brown,U84/1 Maud St,Victor Harbor,,85528083/422547877,L+P+D+2b,127.0,Wed 23/10/24,2024,4
Janice Lyons,U11/9 Happy Valley Dr,Happy Valley,,83922611,LDBr,127.0,Thurs 6/6/24,2024,4
Mrs Iva Wakefield,U41/199 Frederick Rd,Seaton,,83530234,LB Blood stains,127.0,Tues 16/7/24,2024,4
Helen Sarah,U63/28C King George Ave,Hove,,437324755,LS,126.0,Tues 14/10/25,2025,4
Val Allen,U50/1A Lyn St,Aberfoyle Pk,5159,82703567,LP+1br,125.0,Thurs 21/9/23,2023,4
Val Jackson,26 Melville Tce ,Murray Bridge,5253,85324342,L+D+1br,125.0,Wed 2/10/24,2024,4
Heather Maxwell,U2/24 Gardener St,Goolwa,,407891832,L2r+wir,124.0,Fri 23/2/24,2024,4
Wendy Grindle,U18/3 Cashel St,Pasadena,,434299818,LB+D+half P,122.0,Thurs 2/10/25,2025,4
Mrs Marlene Cooper,25 Shannon Crt,Bridgewater,,83396895,LD + all entry points,119.0,Wed 23/7/25,2025,4
Mrs Searle,U18/1 Phillip Ave,Victor harbor,5211,85524251,LD+2br+2,119.0,Wed 10/2/21,2023,4
Grace,U1/10A Henry St,Morphetville,,82957809,L1b+rug,118.0,Tues 20/8/24,2024,4
Elizabeth Dickson,8A Branksome Tce,Dover Gdns,5048,82986596,study1b+sq,117.0,Tues 7/3/23,2024,4
Jenny Wallace,U97/17 Wilmett Rd,Goolwa,,403238125/85552765,LD+2br,117.0,Wed 2/4/25,2025,4
Mr Langley,U145/35 Coleman Pde,Evanston Pk,5116,85237545,3r,117.0,Thurs 9/3/23,2025,4
Mrs Kay Thomas,U117/33 Golden Grove Rd,Ridgehaven,,82648590,LD+1rug,117.0,Mon 24/06/2024,2024,4
Mrs Kerry Wood,90 Eve Rd,Bellevue Hgts,chq,82787242/408823437,Off +H+B,114.0,2024-10-09 00:00:00,2024,4
Helen Hewett,8 Eyre Cres,Valley View,,412187435,Lrumpus+H,112.0,Mon 3/6/24,2024,4
Jan Wass,Villa 9 /71 Gloucester Ave,Belair,,414946883,ld+2 small br,112.0,2025-02-20 00:00:00,2025,4
Mr Rick Yates,U189/18 Montpellier tce,Pt Elliott,,85543847/413246173,3r+rug,112.0,Thurs 3/7/25,2025,4
Mrs Lorraine Johnson,22 Cumberland Cres,Huntsfield Hgts,100,83265113,LH2b walkways,110.0,Tues 6/8/24,2024,4
Mrs Jarvellski,25 Gully Rd,Seacliff,,83582356,,109.0,Wed 3/5/23,2023,4
Nicole Larwood,642 Pt Broughton /Kadina Rd,Kadina,,88213151,3rLH,109.0,Thurs 2/12/21,2023,4
Nina Turei,12 Kybunga Tce,Largs Nth,82484332/422510320,None,3r+ study,109.0,Tues 12/12/23,2023,4
Mrs Carmel Scott,13 Canis St,Hope Valley,ld 18/7/19,409768268,LH+2mats,108.0,Thurs 26/6/25,2025,4
Mrs Meriel Clark,30 Hampstead Rd,Broadview,5083,82696421,1rug+2runners,108.0,Thurs 13/2/25,2025,4
Mrs Schubert,U39/17 Wilmett Rd,Goolwa Beach,,85553176,LDP+2br,107.0,Wed 23/10/24,2024,4
Rachael Cummingham,17 gothic rd ,Belleview Hgts,,82781709/438278170,2R,107.0,Tues 29/10/2024,2024,4
Marion Gates,U10/7 James Place,Moonta,110,88251955,3 rugs,106.0,Tues 29/4/25,2025,4
Rosemary Luxton,U57/254 Greenhill Rd,Glenside,5065,83383188/401684827,1bH+L,105.0,Wed 28/6/23,2023,4
Robin Dunn,24 Swan Ave ,Klemzig,,82617790/473635540,LD+rug,102.0,Wed 16/8/23,2023,4
Meg Taylor,9 Bond Ave,Victor Harbor,5211,85521591,LP+2br,84.0,Tues 13/7/21,2024,4
Mrs Storey,34 Cudmore Tce,Wilmington,5485,None,,,13/7/19 voicemail,2023,4
Rosemary,,,,9am,David,,7/8/21 call Oct 21,2022,4
Mr Malcolm & Mrs Thomas,30 Anthony St,Henley Beach,83535886,upstairs-LB+sm H+downstairs Rug+LB+Landing+14steps,,336.0,Mon 17/3/25,2025,3
Vicki Nutt,30 Progress Avenue,Stirling North,,488547576,1R+2 recliners+3 seater couch,332.0,Thurs 16/6/22,2022,3
Audrey Schultz,4 Verco St,Balaklava,,88621167,LD+2br,331.0,Tues 14/11/2023,2023,3
Malcolm Thomas,30 Anthony St,Henley Beach,5022,83535886,,329.0,Mon 14/3/22,2023,3
Martin & Leonie Lloyd Smith,12 Old School Rd,Merriton,,86366238/437166270,2T+P,323.0,Wed 29/5/24,2024,3
Jill Linke,34 Blackpoint Dve,Blackpoint,,409373289,large 2 seater+B+1rugs,306.0,Wed 16/10/24,2024,3
Jenny Bowman,20 Catt Dr,Strathalbyn,,448812996/44882679,"1 leather chesterfield, 1 other one desk chair swivel, fabric 3 seater",270.0,Thurs 12/10/23,2024,3
Julian & Mince Hill,13 Tomkinson Rd,Semaphore Pk,,418926735,,269.0,Tues 21/5/24,2025,3
Lynn James,17 Lockaba Drive,Willyaroo,,437996671,5R+H,260.0,Wed 30/8/23,2025,3
Gwen Margaret Jones,35 Nott St,Melrose,5481,86662065/0428662065,3x2 fabric+r,259.0,Tues 4/7/23,2023,3
Barbara,Appt 5/5 Finnis St,Nth Adelaide,5049,405037874,L2b$119Runner$25+2persians$100 sm chair$25,250.0,Mon 16/5/22,2022,3
Arrinne Wynen,U150/3 Cashel St,Pasadena,,437763339,3r+xtra area in Lounge,247.0,Tues 7/10/25,2025,3
Mrs Bruce & Heather Partridge,54 Marchant Rd,Strathalbyn,,85363630/400266600,l big mat + 2 br,246.0,Wed 2/4/25,2025,3
Patricia Lorybottom,119 Seaview Rd,Yatala Vale,,448681862,3 seater+single$179 2 chairs $60,235.0,Thurs 22/8/24,2024,3
Norm and Mary Schissons,11 Heathcite St,Normanville,,85583498/437764280,3r+P+rug+mat,230.0,Thurs 9/10/25,2025,3
Eugenie Law Smith,302 Kensington Rd,Leabrook,Bretwalder St into Parry Lane,83313202/432841155,L lounge+large halll+large B,224.0,Wed 7/6/23,2023,3
Helen/Grant,14 Rachata Rd,Highbury,,412848213,Up 3b+H+Ldown master B,203.0,Fri 24/5/24,2024,3
Theresa,1A Rugby St,Dover Gdns,,82982836/420419650,Dover Gdns,202.0,Thurs 1/8/24,2024,3
Maureen Spencer,U79/25 Gardiner St,Goolwa,119,418345652,Back R L D +1 br+ hallway + 6 mats,200.0,Tues 31/5/22,2022,3
Sharon/ Simshar S Young,7 Ambulance Rd,Verdun,5245,83887152/405370301,Lbaby R +office+hall,196.0,Tues 27/8/24,2024,3
Lee Ann Malcolm,27 Knott St,Melrose,,404088218,1R,194.0,Wed 18/9/24,2024,3
Dianne Lunt,U1/7 Mills Rd,Strathalbyn,,85363760/433755870,3b,192.0,Wed 24/11/21,2022,3
Kate,74 Martin Rd,Inman Valley,5211,434846909,3r+study+l+2 large rugs+2 sm mats,192.0,Thurs 25/5/23,2024,3
Mrs Rosemary Dunn/Gavin,73/75 Gilbert St,Tarlee,,85285284/85288330,LBP+office +H,191.0,Fri 28/6/24,2024,3
Barbara Thompson,1 Gregory St,Seaview Downs,5049,82969587,BHL$1292 leather recliners$80,189.0,Tues 30/4/24,2024,3
Chris Mernel,4 Lassie Ave,Windsor Gdns,,434612552,LDMat$129 counch $100,186.0,Tues 30/1/24,2024,3
Harry/Lorris Knowles,U15/1A Lynn St,Aberfoyle Pk,,432203499,2 reclibners+carpets,186.0,Mon 5/5/25,2025,3
Ann Evans,21 Stokes Cres,Kidman Pk,,83560480,3b walkway LD,183.0,Fri 28/2/25,2025,3
Allan & Ann Anderson,U70/17 Wilmett Rd,Goolwa Beach,5214,0419846483/85551360,L study+1 runner,180.0,Mon 27/10/25,2025,3
Ken Westphalen,U119/7 Sommer Pl,Pasadena,,418358245,,179.0,Fri 15/12/23,2023,3
Roma Sadler,U73/13 Cashel St,Pasadena,,81795673,3r,179.0,Thurs 17/8/23,2023,3
Carol,15 Stevens Dr,Ridgehaven,,82645463,off+smL+bL+h+B,176.0,Tues 26/9/23,2023,3
Jill Dickson,12 Roberts ,Balaklava,,417860976,walk are+l + little bit hallway,173.0,Thurs 10/7/25,2025,3
Deirdre Edwards,31 Stocker St,Moonta Bay,,411019879,3 br+family r $149 if xtra stains or rooms larger charge xtra,170.0,Wed 5/5/21,2023,3
Johan Van Staden,13 Marley Combe St,Elizabeth,,407351004,all carpets,170.0,Mon 27/3/23,2023,3
Mary Enright,U44/111 Cox Rd,Aldinga Beach,,85574091/478641138,130,170.0,Thurs 9/10/25,2025,3
Dafna Mathews,21 Princess Ave,Greenacres,Katelina lived with Dafna,452531988,,169.0,Tues 20/2/24,2024,3
Lisa Helen Whittingha,17 Mayford Ave,Hope Valley,Suki-EFT-Paid,432774642,L+3br,166.0,Wed 22/10/25,2025,3
Leanne Pesch,109 David Tce,Woodville Park,5011,434304442,L+P+2mats+entry,164.0,Wed 18/10/23,2023,3
Marie,7 Lawrence Pl,Pt Augusta,,86425756/448007545,3br+L+P,163.0,Wed 29/5/24,2024,3
Mr Harry Billinghurst,U82/3 Cashel St,Pasadena,,81795682,3ra+2 fabric scotch,163.0,Wed 19/4/23,2023,3
Mr. Shepherd,17 Winns Road,Blackwood,,417645347,rugs+P+3r,163.0,Thurs 15/6/23,2023,3
Mrs Janice Benton,U26/3 Cashel St,Pasadena,5042,81795626,LB+5rugs,163.0,Thurs 23/05/2024,2024,3
Rae,Caravan 26,Hindmarsh Island,,407727985,,163.0,Tues 10/10/23,2025,3
Margarit & Jack Winston,194 Canterbury Rd,Victor Harbor,,417585397,LH$1292 seater$90,162.0,Fri 10/10/25,2025,3
Muriel Bloomfield,U2/48 Margate St,Brighton,,459689654,,160.0,Thurs 20/3/25,2025,3
Trevor Bartlett,197 Glenloth St,Happy Valley,EFT - Paid 6/3/21,433962250,HDS,159.0,Tues 22/4/25,2025,3
Mrs Arthur,U137/1 Phillip Ave,Victor Harbor,5211,85524254,3R+L+D,157.0,Thurs 3/7/25,2025,3
Johan NDIS,Frost Rd,Salisbury,,407351004,3R+removal of stains,156.0,Wed 15/11/23,2023,3
June Hill,1 Jenny Pl,Grange,,410339755,FH+1br,156.0,Wed 26/3/25,2025,3
Paul Weinert,6 Newcombe Rd,Westlakes Shore,,428198708,2 mats 1 br,153.0,Tues 4/11/25,2025,3
Steve Arnold,4 Sovereign St,Hallet Cove,Wed 4/2/15,408853575,LD+B+2sm rug,153.0,Wed 12/2/25,2025,3
Vick & Gwen Stone,U86/224 Ocean Rd,Chiton,,85543494,,153.0,Thurs 12/10/23,2023,3
Rae Roberts,Villa 23/71 Gloucester Ave,Belair,,82787008,ld+2 small br,151.0,Thurs 15/2/24,2024,3
Mrs Thomas,U55/12 Mccraken Ave,Mccracken,5211,85528728,LB+1 runner+1mat,150.0,Wed 14/9/22,2022,3
Robyn & Daryl Pennell,U63/James Place,Moonta,,437251537,LD+2 rooms,150.0,Thursday 5/10/23,2023,3
Trevor Rappell,1348 Grand Junction road,Hope Valley,,409575257,"Family R , Passage & Lounge",150.0,Mon 20/11/23,2023,3
Annette Burgan,27 Wearn Cres,Kadina,5554,88213525/407970724,LDTiny P+1B+LD,146.0,Thurs 5/12/24,2024,3
Coleen Fox,15 The Parkway,Victor Harbor,5211,85523381/439954011,4R+rug,146.0,Tues 12/7/22,2022,3
Jan& Davey Lloyd,U160/9 Happy Valley Dve,Happy Valley,5159,83922760/414931950,BLD,146.0,Thurs16/01/2025,2025,3
Helen Stewart,U31/15 Dale St,Pt Broughton,quoted $139,86353056/408985569,L+2Br+P,144.0,Wed 10/5/23,2023,3
Dawn Leopold,U21/3 Cashel St,Pasadena,,81795621,,142.0,Wed 29/10/25,2025,3
Dulcie Haynes/Dorothy,123/7 Sommer Place,Pasadena,,418110087,LD+H,140.0,2025-01-21 00:00:00,2025,3
Julian Kernick,U144/3 Cashel St( outside not in the gate),Pasadena,81795744,81795744,DH+L+H+B,140.0,Mon 17/2/25,2025,3
Mary Edwards,50 The Promenade,Northgate,,82610396/438100143,3r+study,139.0,Wed 21/9/22,2022,3
Mrs Woon,18 Craig St,Tarlee,,85285321,LHDP,139.0,Fri 28/6/24,2024,3
Paula,U143/9 Mcharg Rd,Happy Valley,,83922743,LDP+2b walkway,139.0,Thurs 7/10/21,2022,3
Jean England,17 John St,Ardrossan,5571,88373596,L+P+ study+1 br,136.0,Wed 4/10/23,2023,3
John & Pat Baker,U3/6 North St ,Henley Beach,,411048386,,131.0,Wed 9/8/23,2023,3
Heather,2 Corro St,Aberfoyle Pk,408828431,408828431,2 armchairs,130.0,Fri 29/9/23,2023,3
Jackie Andjelkovic,3A Wesley St,Lower Mitcham,5062,438039367,LB+Off+2 mats,127.0,Tues 26/11/2024,2025,3
Roland/Bev Schultz,U16/5 Moore St,Pasadena,,409764338,1b+l rug,127.0,Fri 1/8/25,2025,3
Mrs Betty Sharp,U40/18 Heysen Ave,Hope Valley,,None,LDB-scotch 2x2 dusty pink,126.0,Wed 26/10/22,2023,3
Mrs Marilyn Flanagan,U1/3 Crocker St,Goolwa,,428552322/85552322,3r+P,126.0,Tues 28/10/25,2025,3
Mrs Jean Davies,U19/21 Adelaide Rd,Mccracken,5211,85524511,1 large lounge,125.0,Thurs 9/10/25,2025,3
J Rogodrer (Judith Roger?),U18/5 Moore St,Pasadena,5052,82781074/417858974,2br+1 rug,123.0,Mon 9/12/2024,2024,3
Lola,U122/3 Cashel St,Pasadena,,81795722,LDH2b walkway,123.0,Tues 24/10/23,2023,3
Margaret Brisbane,U40/3 Cashel St,Pasadena,81795640,81795640,DPBR(walkway),123.0,Mon 23/1/24,2024,3
Mrs Jan Jones,6/1089 N E Rd,Ridgehaven,5097,83961046/401267676,ld+tiny p+little room+sctchguard,123.0,Tues 5/11/2024,2024,3
Sue Curley,18A Austral Ave,Linden Park,EFT $25,83794118/0420545070,2br+rug$100 cash$25 EFT,121.0,Mon 13/7/22,2022,3
Pat Kennedy,9 Bertie St,West Hindmarsh,5007,412573719,LB+D,120.0,Mon 13/01/2025,2025,3
Mrs Mcainsh,7 Hasting St,Normanville,5204,85582003,L+long H+B+little mat NC,119.0,Wed 20/11/2024,2024,3
Mrs Jo & Terry Evers,8 2nd Ave,Moana,,431472011/83862213,LD+1R,117.0,Fri 1/8/2025,2025,3
Tony & Kay Finn,20 Sixth St,Quorn,,429486172,LD+1BR+H,117.0,Fri 23/5/25,2025,3
Mrs Powell,24 Hilltop Ave,Ridgehaven,5097,82642518,1 recliner,116.0,Tues 22/10/24,2024,3
Valerie Linden,U77/17 Wilmett Rd,Goolwa Beach,5214,401728847,3 setaer whote fabric$150+1 chair $25,112.0,Wed 2/7/25,2025,3
Barbara Hood-Smith,U129/18 Montepelier Tce,Port Elliott,5212,85543121/423702869,3R+office,109.0,Thurs 9/11/23,2023,3
Mrs Foulis,6A/18 Montpellier Tce,Victor,,85542118/438330950,3r,109.0,Wed 23/3/22,2023,3
Mrs Margaret Russel,21 Margaret Ave,Glenalta,5052,423266519/432623164,LDP,109.0,Thurs 16/11/23,2023,3
Ray Krause,U120/7 Sommer Pl,Pasadena,,82777084,LD3x4metres+P,109.0,Fri 15/12/23,2023,3
Roma Lawler,U79/9 Happy Valley Dr,Happy Valley,,83922679,1R+L+T,109.0,Wed 19/2/25,2025,3
Val,6B Braunack Ave,Mclaren Vale ,,83238329,LDH,109.0,Fri 18/11/22,2022,3
Dianna Jordan,U39/35 Coleman Pde,Evanston Pk,,85237439,ldp- free scotchgard,106.0,Wed 2/03/2022,2023,3
J Rogodrer,U18/5 Moore St,Pasadena,5052,82781074,2br+1 rug,106.0,Mon 11/12/23,2023,3
Kathleen,125 Victoria St,Peterborough,5422,86512268,L+1Br,106.0,Thurs 1/6/23,2023,3
Mrs Marion Stevens,U42/97 Eve Rd,Bellevue Hgts,5050,82785726,2r+h,106.0,Mon 9/01/2023,2023,3
Valerie Rose,U1/18-22 Leworthy St,Victor Harbor,,85521469,2r,106.0,Thurs 28/4/22,2022,3
Mrs Jonathan,U91/670 Grand Boulevard,Seaford,,83924691,3r,104.0,Fri 18/8/23,2023,3
Elizabeth & Robert Basedow,4 Corella Pl,Tea Tree Gully Angas Pk Dr,,420414100,1 rug+ front room,103.0,Thurs 11/4/24,2024,3
Sonia M Bens,5 Monash Terrace,Murray Bridge,100,423147575,2 rugs_front +hall runner_rug in br,103.0,Tues 27/9/22,2022,3
Heather Sizer,18 Redgum St,Wirrabara,5481,None,LP+mat,99.0,Wed 19/2/20,2023,3
Mrs Baker - she died /Kym new tenant,U92/3 Cashel St,Pasadena,5042,81795692,LDB,99.0,Tues 19/1/21,2023,3
Pauline Edwards,U69/62 Cochrane Dve,West Lakes,LB,413596417,LB,96.0,Tues 1/08/2023,2023,3
Mrs Russell,U1/1 Carlyle St,V/Harbour,5211,85526305/411204921,2 rooms,90.0,Fri 19/11/21,2022,3
Mrs Booker,Apt 69/282C King George Ave,Hove,,437429229,1 Lounge Room,87.0,Thurs 21/9/23,2023,3
Kati,13 Farmer St,Newton,,413139976,last time,80.0,Tues 13/12/22,2022,3
Mrs Kennedy,56 Hargrave St,Exeter, 4/3/15,400901226,red wine,70.0,Tues 30/8/22,2022,3
2pm,David,44 Hosking Rd,,5571,New,,8/5/21 new carpets call in a year,2023,3
9.30am,David,U122/3 Cashel St,,5116,Kay,,"19/2/22 voicemail,4/9/21 call Feb 21,29/5/21 call Sept 21",2023,3
9am,Kay,U133/35 Coleman Pde,Evanston Park,5255,ld 10/1/19,,"15/10/22 na,20/8/22 not home back at 3.30pm,25/9/21 new carpets call in 1 year,21/8/21 na,17/7/21 back at 2.30pm call then,14/8/20 call before xmas",2022,3
Bill & Keneatha,U2/3 Strangeways Tce,Pt Elliott,289,2 recliner+2 seater$160,2r$89+3large rugs$60,2094948846.0,Wed 24/5/23,2023,2
Anna Bradstock,Level 1/255 Pulteney St,Adelaide,,448425501,6 office+1 large area,665.0,Thurs 6/4/23,2023,2
Sevan Semonian,57 Dalton Ave,Aldgate,,429947471,LDH+B$159,487.0,Fri 6/12/24,2024,2
Helen Hollister,5 Fox St,Klemzig,,413582450,"Fr carpet,6 dining chairs, 2 seater+3seater",470.0,Wed 20/10/21,2023,2
Rebecca & John Bagusauskas,15 Fairview Cres,Ridgehaven,,403948236,5 seater+4seater,470.0,Tues 3/12/24,2024,2
Mrs Ashby,296 Mt Alma Rd,Inman Valley,5211,85588381,1 sq+4mats+2x2 fabric,425.0,Fri 14/1/22,2022,2
Doug Steer,Russell Pl,Strathalbyn,,448402132,Foyer ent+main Hall + stage$269,398.0,Tues 6/6/23,2023,2
Clare Waldron,66 Tuscan Rd,Golden Grove,,418601965,1b+off+rugs+5seater,364.0,Fri 21/02/2025,2025,2
Meriel Lane-Emma,4/20 Marian Rd,Payneham,,428499856,3r+landing+steps$129,351.0,Mon 1/5/23,2023,2
Tina Kypvianou,U5/7 Station Ave,Blackwood,,427581333,,349.0,Wed 1/11/23,2024,2
Lydia,7 Farr Tce,Glenelg East,,401000160,Loung suite+sm rug+sm r upstairs,344.0,Wed 14/2/24,2024,2
Sue Schoen,179 Shepherds Hill Rd,Eden Hills,5039,411162321,2 large lounges,330.0,Mon 15/11/21,2021,2
Mrs Janet Ellen,19 Clark St,Pt Noarlunga,,83824272,L2b+1b+15steps+landing,326.0,Tues 30/9/25,2025,2
David Cottrell,247 Cottrell Rd,Pekina,,86581336,LH1runner2x2fabric,319.0,Wed 31/5/23,2023,2
Laurie Church,560 Goodwood Rd,Goodwood,,400285697,,304.0,Tues 27/5/25,2025,2
Daryl Jones,18 Kaurana Ave,Hayborough,,85524744,3x2 leather+3seater fabric,289.0,"25/11/22 no more carpets don’t need anymore,3/3/22 call later in the year,Lives with sister she has a cat & doll collection",2022,2
Robert Wade,U55/7 James Pl,Moonta,,419030573,2 seater+2br,284.0,Wed 4/12/24,2024,2
David,Belperil Crt,Thorndon Pk,,459183991,,279.0,Mon 9/01/2023,2023,2
Tony,Paradise Gardens,Gorge Rd,Paradise,417862469/459183991,,279.0,Fri 10/6/22,2022,2
Gillian & Graham Hastings,U216/1 Maud St,Victor Harbor,5211,449760857,2x2seaters+2arms recliners,269.0,Mon 6/9/21,2021,2
Michelle Parks,12 Addison Rd,Hove,,413154239,3 seeater+2seater leather lounges,260.0,Thurs 7/11/2024,2024,2
Ryan Fletcher,12 Broadbeach Dr,Carrickalinga,,417810530,1 rug+ stains+2 seater+ 1chair+1 ruuner(forgot to charge),249.0,Thurs 23/3/23,2024,2
Marlene Megaw,U3/19 Ashbourne Rd,Strathalbyn,,85363538/437915719,5 seater +1br+study+computer r,230.0,Wed 20/12/23,2023,2
Talitha Lisa-,20 Petworth St,Oakden,,82660442/413484302,2b+2L+H+4mats,230.0,Mon 15/5/23,2023,2
Sharon,47 Mitchell St East,Seaton,5023,82430219/447781712,3R,224.0,Tues 7/10/25,2025,2
Mrs Heather Partridge,54 Marchant Rd,Strathalbyn,,85363630/400266600,Lrug+runner,220.0,Monday 21/2/22,2022,2
Helen Alexander,50 Beach St,Grange,,422681664,"1 big carpet rug wine spill, long rug in hallway persian runner, 1 office+ 1 br",219.0,Thurs 7/11/2024,2024,2
Margaret Stockle,U38/3 Belperio Court,Paradise/Thorndon Pk,,407045696,2br+ study$109 + lounge chairs$120,214.0,Fri 10/5/24,2024,2
Raj Manik,8 Greys Crt,Oakden,,431770410,4br+mat,205.0,Fri 11/10/24,2024,2
Marylene Jones,33 Keyes St,Linden Pk,,83791227,2bLrug$130+8 mats$90,204.0,Wed 27/11/24,2024,2
Terence & Kathleen Cody,28 Meadowvale Rd,Athelstone,,418857857,2 lounges+ 3 runners,202.0,Tues 28/5/24,2024,2
Frank & Rebecca Lyman,Lot 111 Freebain Rd,Quorn,,407816210,3br+3rugs,200.0,Thurs 2/2/23,2023,2
Rhonda Cheek,177/9 Glenoth Rd,Happy Valley,,83922777,1b+H+D+1armchair,194.0,Mon 24/02/2025,2025,2
Glenda,U1/9 Sunglo Court,Teringie,,422640017,,190.0,Thurs 15/2/24,2024,2
Madelyn Jenkins,13 The Crescent,Victor Harbor,,419526182,2br up + 2 br down,190.0,Thurs 13/06/2024,2025,2
Winnifred Dunning,U14/9 Happy Valley Dve,Happy Valley,5159,83922614/401861001,LD+B+foyer+runner+mats,190.0,Fri 10/3/23,2024,2
Ellie Bell,U75/28c King George St,Hove,,488367425,,189.0,Wed 18/6/25,2025,2
Rhonda & Robert Cheek,177/9 Glenoth Rd,Happy Valley,,83922777,2 chairs+L3b,189.0,Tues 16/5/23,2024,2
Mr McGee,194/9 Happy Valley Drv ,Happy Valley,,83922794,,185.0,Tues 13/9/22,2022,2
Mrs Lori Eckert,U17/ 7 James Pl,Moonta,,428253637,LD+2bs,184.0,Thurs 17/10/24,2024,2
Patricia Bradshaw,26 Londonderry Ave,Salisbury,,408301042,3b+L+sq,184.0,Fri 15/11/24,2024,2
Cally McCullan,507 Reichstein Rd,Melrose,,86662007/408666838,L+1B+P,179.0,Thurs 22/5/25,2025,2
Mark Holderness,35 Hawthorndene Dr,Glenalta,,419849190,,179.0,Tues 20/9/22,2023,2
Dina Schubert,1669B Survey Rd,Melrose,,402917311,runner + Loung,174.0,Wed 13/9/23,2023,2
Fay Water,U158/9 Happy Valley Dv,Happy Valley,,402550144,3br+rug in L,174.0,Wed 18/6/25,2025,2
Jody Berthelot,16 Isaacs Way,Evanston South,,427233067,4Br+scotch,174.0,Fri 9/7/21,2023,2
Pat & Michael Barkway,28E Esplanade(entry via Dover Pl),Christies Beach,,419857248,,174.0,Thurs 23/2/23,2024,2
Belinda Turner,388 Bayliss Rd,Tatachilla,,83237687,L+P+1 rug,172.0,Wed 10/7/24,2024,2
Laurel Higgins,16  Wilson St,Mansfield Pk,427602501,None,BHL $159 paid $200,170.0,Tues 19/11/24,2024,2
Mrs Maureen Gorg,11 Tudor Ave,Victor Harbour,5211,85522728,3r,170.0,Thurs 18/8/22,2022,2
Nancy Findler,U70/9 Happy Valley Drv,Happy Valley,5159,83922670,2br+l d + sm halway $129+5mats,170.0,Tues 13/9/22,2022,2
Michael Battersby,647 Yapoona Rd,Wilmington,chq,None,,169.0,"26/2/22 will check with wife,call end of the year",2023,2
Tamara Keanahan,9 Hampel Crt,Evanston South,,423345625,3br+in ensuite ,169.0,Fri 5/5/23,2023,2
Lara McCarron,Madsen St Caravan Park,Hindmarsh Island,,85552234/0423229441/413380113,,165.0,Thurs 8/5/25,2025,2
Trish,U1/35 Coleman Pde,Evanston Pk,5116,85237401,"1 lounge, main br + br walkways",165.0,Tues 14/6/22,2022,2
Mrs Barbara & David Wunder Sitz,U101/17 Wilmett Rd,Goolwa Beach,5214,85555638/429837010,L+2 br,164.0,Wed 4/9/24,2024,2
Judy Wallis,45 Renown Ave,Victor,5211,85524074/418205522,LD+2b+1p,162.0,Thurs 5/9/24,2024,2
Dianne Barnes,11 Parrell St,Seaford Meadows,,400774027,3b,160.0,Wed 7/5/25,2025,2
Rhonda Taylor,U43/199 Frederick Rd,Seaton,,83560509/452543199,Seaton,160.0,Tues 4/11/25,2025,2
Wendy Joy Lightbody,246 Battunga Rd,Echunga,,412782442,2 seater+2 chairs,160.0,Fri 19/8/22,2022,2
Beverley Fitzpatrick,6 Abbot Ave,Mclaren Vale,,83238502,2L+Rug,159.0,Tues 31/1/23,2025,2
Carol Johnson,15 Stevens Dr,Ridgehaven,Suki,82645463,Off++L+H+B,159.0,Wed 22/10/25,2025,2
Mike Fabish,11 Egerton St,Rostrevor,,82761680,,159.0,Mon 27/6/22,2022,2
Mrs Bob Mcmurtrie,16 Hampton Cr,Largs Bay,95,84497500,1bLD+P,159.0,Tues 16/7/24,2024,2
Margaret Edmonton,U35/33 Golden Grove Rd,Ridgehaven,,None,,155.0,Wed 15/1/25,2025,2
Irene Butt,U32/1 Phillip Ave,Victor,,85528782/416629579,DL+H+Main Br+walk in space,154.0,Wed 4/9/24,2024,2
Julie Nettle,26 West Tce,Laura,409907748/Julie: 428632387,86632387,LB+P,154.0,Tues 13/8/24,2024,2
Leslie Whyton,U480/1075 G J Rd,Hope Valley,,413525549,2b+rug,154.0,Mon 24/06/2024,2024,2
Mrs Bailey,3 Barton Rd,Tiddy Widdy Beach,5571,88373501,2r,154.0,Thurs 10/2/22,2022,2
Mrs Smith hubby Bob,U47/18 Montpellier Tce,Pt Elliott,,85543519,3rLP+H,154.0,Thurs 21/12/23,2023,2
Zac Bruce,22A Moonta Road,Moonta,,484329495,3r+2 mats,154.0,Tues 29/4/25,2025,2
Shirley Martin,44 Marine Pde,Kingston,,87672980,1brLD+blood stains,152.0,Thurs 3/10/24,2024,2
Adrian,99B East Tce,Henley Beach,,419814737,L2b+Off+rug+mat+2sm mats,150.0,Wed 9/7/25,2025,2
Carolina,2 Tapson Crescent,Pasadena,,412668345,2br+2mats,150.0,2024-11-04 00:00:00,2024,2
Lorraine Jury,U56/33 Golden Grove Rd,Ridgehaven,Gate 3,82646063,3r+1 armchair,150.0,5/12/22 na,2023,2
Marilyn  Jones,7 Baden Tce ,O'Sullivan Beach,5166,83821669,3r + 1 medium rugs,150.0,Thurs 2/5/24,2024,2
Marilyn & Charles Jones,7 Baden Tce ,O'Sullivan Beach,5166,83821669,3r + 1 medium rugs,150.0,Tues 1/3/22,2022,2
Mon To,14 Sutherland Rd,Ferryden Park,,423959164,up 3 rooms+sm P+ 17 steps,150.0,Tues 11/11/25,2025,2
Mr & Mrs Eckert,U17/ 7 James Pl,Moonta,150,428253637/88253070,LD+1br+3mats,150.0,Wed 19/10/22,2022,2
Mrs Benton,U26/3 Cashel St,Pasadena,5042,81795626,,150.0,Mon 21/11/22,2022,2
Mrs Gaynor Jones,9B Farquhar St,Goolwa,5214,85555480,1 r,150.0,Thurs 5/9/24,2024,2
Peter Macklin-Shaw,161 brougham Drive,Valley View,,417897051/83961556,5093,150.0,Wed 23/4/25,2025,2
Peter Watkins,1380 Hindmarsh Tiers Rd,Hindmarsh Tiers,,418821077,4r+rug,150.0,Thurs 25/5/23,2023,2
Cally Mccallum,507 Reichstein Rd,Melrose,149,86662007,LH+B,149.0,Wed 18/9/24,2024,2
Chris Kuchel,U61 Lynn St,Aberfoyle Pk,,417082560,,149.0,Mon 23/9/24,2025,2
Dennis/Janet Grant,3B Johnstone Rd,Oaklands Pk,,422494073,3b+2rugs,149.0,Thurs 7/11/2024,2024,2
Fay Mcintosh/DR Neil Adair,47 York Ave/Gloucester Ave,Belair,,82782400/437450240,xtra LB+xlarge LR,149.0,Wed 27/11/24,2024,2
Gay Watson,U11/29 Delfin D ,West Lakes,,402867919,2b+rug,149.0,Fri 12/4/24,2025,2
Mrs Janet Crawford,40 Atnealba Rd,Wilmington,,86675228/429900227,4b,149.0,bked for 23/4/21,2023,2
Mrs Phyllis  Robinson,15 Angas Tce,Wilmington,,86675020/427675021,LPB,149.0,Thurs 2/2/23,2023,2
Rona Fey,U122/2 Symes St,Ashford,,81930122,2r+LD+H,149.0,Tues 30/4/24,2024,2
Terrise Mccullum,525 Mccullum Rd,Melrose,,429662031,1 br+ 1 large rug,149.0,Emily's Mum,2023,2
Christine/Jonathan (mother),U35/607 Grand Boulevard,Seaford Rise,,408606633,L+2br+rug,145.0,Tues 30/9/25,2025,2
John/Ann Dixon,U16/71 Gloucester Ave,Belair,,407783683/82783683,2bLD+sunroom,144.0,Wed 27/11/24,2024,2
Kevin Cheer,U109/35 Coleman Pde,Evanston Pk,,85237509,LD+P+2b walkways,144.0,Mon 21/6/21,2022,2
Lynn Podolak,U91/35 Coleman Pde,Evanston Gdns,,85237491/412086460,Main bedroom+wir,144.0,Tues 8/4/25,2025,2
Mrs Val May Phillips,1 Hawk Rd,Murray Bridge,5254,85321504/407795706,3r+2rugs,144.0,Mon 20/10/25 ,2025,2
Jenny Hancock,6A Eton Ave Magil,Magill,Magill,431098484,83651152,142.0,Tues 23/7/24,2024,2
Ann Welfare,U19/71 Gloucester Ave,Belair,,477550464,2R,140.0,Mon 31/3/25,2025,2
Jan Hopkins,U108/12 Marina Ave,Belair,,427399441,2B+L+Lmat+4sm mats,140.0,Wed 5/11/25,2025,2
Margaret Tavener,49/12 Marina Ave,Belair,,407184718,LD+2b,140.0,Wed 5/11/25,2025,2
Matt Scholz,7A Glamis Ave,Tranmere,,412018133,4 br upstairs,140.0,Thurs 28/1/21,2021,2
Robyn Hull,18 Grace ,Darlington,,448461954,1 rug+1 br,140.0,2025-01-21 00:00:00,2025,2
Vin Dunning,U14/9 Happy Valley Dve,Happy Valley,5159,83922614/401861001,LD+B+foyer+runner+mats,140.0,Wed 23/2/22,2022,2
Winston White,U15/5 Moore St,Pasadena,,435133220,1b+rug+chair,140.0,2024-07-31 00:00:00,2024,2
Giles  & Charles Orr,U212/1 Mccharge Rd,Happy Valley,,419855447,,139.0,Mon 2/6/25,2025,2
Irena(Tatiana),5 Branston Crt,Vale Park,,430495920,,139.0,Tues 13/6/23,2023,2
Jill & William  Buxton,U15/1A Lyn St,Aberfoyle Pl,,456810978/83707320,LP+2br+H,139.0,Tues 7/3/23,2023,2
Mrs Bev & Mal Phillips,17 Stephens Dve,Ridgehaven,5097,83960090/417810655,fam r+dining room+big Passageway+2 br,139.0,Fri 10/2/23,2023,2
Mrs Giles,U30/8 Dale Rd,Pt Broughton,,86352365,L+2Br+P,139.0,Thurs 19/5/22,2022,2
Mrs Margaret Cox or Mackey,7 Olive St,Brighton North,,82981173,3b+1 rugs,139.0,2025-01-30 00:00:00,2025,2
Mrs Watson,15 Centre Way,Belair,5052,82781195,3bLH,139.0,Mon 28/3/22,2022,2
Sue & Gerry Mitchell,U7/37 White St,Somerton Pk,,82776370/417889973,LB+rug+sm area under rug,139.0,Wed 27/4/22,2022,2
Heather Woods,U5/3 Cashel St,Pasadena,5042,81795605,bld+2 br walkway,134.0,Tues 11/10/22,2022,2
Hilda Tapnee,33 Browning St,Tea Tree Gully,David -419851760,82647376,LB+mat(rug),134.0,Mon 14/4/25,2025,2
Jan & Vin Camporeale,U47/ James Pl,Moonta,,417887660/409690139,3r,134.0,Wed 19/10/22,2022,2
Kath Mcpheat,U127/9 Happy Valley Dr,Happy Valley,5159,403319486,3r+P,134.0,Fri 20/12/24,2024,2
Pamela Roberts,Villa 12/71 Gloucester Ave,Belair,,82787008/438872318,LD+1Br,134.0,2025-02-20 00:00:00,2025,2
Patricia Bulen,U119/Norfolk Rd,Marion,,427773807,,134.0,Mon 27/5/24,2024,2
Shirley Alderton,U10/1A lynn st,Aberfoyle Park ,,415706388,3r+h,134.0,Wed 30/10/2024,2024,2
Audrey Stewart,U2/2 Albert St,Hamley Bridge,,411222916,,130.0,Wed 25/1/23,2024,2
Colin/Ruth Hayter,U61/5 Moore St,Pasadena,,None,3armchairs+1r,130.0,Wed 8/3/23,2023,2
Doon Winnel,Villa 18/71 Gloucester Ave,Belair,,422024240,Blood stains,130.0,Mon 31/3/25,2025,2
Jane Roberts,11 Farrow St,Redwood Pk,,83963683,2 leather chairs,130.0,Mon 13/7/22,2022,2
Jen Kleinig,16 Dahlia Farm Road,Truro,,417869243,Large L+P+2 Br Traffic areas only don’t move anything,130.0,Fri 13/8/21,2022,2
Don Conigrave,7C Ocean Road (Chiton),Mccracken,,433516166,2rug+1 study,129.0,Thurs 11/3/21,2022,2
Freda,21 Chrysler Dve,Holden Hill,,452516808,2-3 r quoted $159,129.0,Fri 12/5/23,2024,2
Ivy Munchenberg,U32/1085 G J Rd,Hope Valley,,413996501,LDPB,129.0,Wed 2/03/2022,2023,2
Judy Parks,12 Harwood Close,Encounter Bay,,415528540,3r+F walkway+1R+sm mat,129.0,Thurs 9/11/23,2025,2
Kathleen Smart,U6/35a hoods rd ,Northfield,5085,408114425,2R+LD+H,129.0,Wed 8/6/22,2022,2
Mrs Ann Anderson,U70/17 Wilmett Rd,Goolwa Beach,5214,0419846483/85551360,L study+1 runner,129.0,Thurs 21/12/23,2023,2
Mrs Audrey Madge Bruce,U11/5A Short Crs,Beaumont,,83798502,1 R+office,129.0,Wed 21/12/22,2022,2
Mrs Dean Wilson,U57/35 Coleman Pde,Evanston Park,5116,85237457,3 seater fabric,129.0,Tues 2/5/23,2024,2
Rodney,U12/1-9 Nicolas Dve,Tea Tree Gully,,407601408,2 seater+rug scotch,129.0,Tues 29/3/22,2022,2
Stephanie  Langley Bor,41 Lomman Ave,Newton,,422294430,3br,129.0,Wed 18/10/23,2023,2
Steven Barnett,U157/3 Cashel St,Pasadena,5042,81795757,1br+L+H,126.0,Mon 9/5/22,2022,2
April Roden,21 Marrata St,Carrickalinga,,5204,3r+1 large rug,125.0,Thurs 23/11/23,2025,2
Annette/John,41 Cooke St,Kingston,,87673138,LDB,124.0,Thurs 3/10/24,2024,2
Val Greenfield,2 Victor Tce,Morphetvale,,5162,back r+L+P,124.0,Fri 13/5/22,2022,2
Dennis,U61/28c King George Ave,Hove,419804013,82980661,2r,120.0,Wed 12/2/25,2025,2
June,U7/71 Gloucester Ave,Belair,,83383941,,120.0,2025-02-20 00:00:00,2025,2
Kay,U86/ Wilmett Rd,Goolwa Beach,,428545148,1 br+P,120.0,Fri 14/6/24,2024,2
Mabel Nelson,U80/13 Cashel St,Pasadena,,81795680,Carpet sq + chairs,120.0,Wed 18/5/22,2022,2
Mr Marion & Ray Hardy,25 Lacrington St,Goolwa Beach,,85553787,L+study,120.0,Thurs 5/9/24,2024,2
Pat Raymont,Villa 47/3Gloucester Rd,Belair,,82786613,Dining area,120.0,Wed 5/11/25,2025,2
Rachael Buringa  Guerin,3 O'Donnell Dr,Littlehampton,,481294632,LD 3r $139 paid 130,120.0,Thurs 1/9/22,2022,2
Rita Walden,U44/35 Coleman Pde,Evanston Gdns,120,85237444,3r,120.0,Mon 7/7/25,2025,2
Rose Clausen,10 Kealley St,Port Augusta,special meant to be $139,428752679,Semi Large L +H,120.0,Fri 17/6/22,2022,2
Sheila Lee,U59/3 Cashel St,Pasadena,5042,81795656/415836597,4r+H,120.0,Mon 13/11/23,2023,2
Tanya Oldfield,36 Gunyah Rd,Wilmington,,None,,120.0,17/4/21 lives in Qld,2023,2
Barbara Mcdonald,U20/18 Montpellier St,Pt Elliot,,407606671,2 br+runner+rug,119.0,Thurs 21/10/21,2022,2
Don Williams,55 Norman Ave,Normanville,5204,85582869,LP+1b,119.0,Thurs 27/5/21,2021,2
Enid Fladrich,U7/2 Adelaide Rd,Mccracken,,85529168,L2b scotch,119.0,Thurs 18/8/22,2022,2
Jean Grace Godwin,U15/9 Happy Valley Dr,Happy Valley,5159,83922615/401523643,Dining+hall runner,119.0,Mon 31/1/22,2022,2
Liz G,191 Glenloth Dve,Happy Valley,,83922791,,119.0,Thurs 27/6/24,2024,2
Joylene Winter,Her House,Strathalbyn,5255,400621989,,114.0,Fri 5/2/21,2021,2
Mrs Ann  Pollard,U210/1215 Grand Junction Rd,Hope Valley,5090,83951950,the usual,114.0,Mon 24/10/22,2022,2
Mrs Bruce,U11/5A Short Crs,Beaumont,,83798502,1 R+office,114.0,Thurs 9/6/22,2022,2
Rosemary Kemp,12 Cockshell Dve,Gawler East,5118,85235511/418839022,LDH,114.0,Wed 12/10/22,2022,2
Anne Moore,U43/47 Eve Rd,Bellevue Hgts,5050,82781513,L+2B,110.0,Wed 3/2/21,2023,2
Bev,47 Anderson Rd,Bridgewater,,417170551,Runner +L+1 more,110.0,Tues 23/3/21,2024,2
Bruce,46 Turner Cres,Pt Hughes,5558,88251691,3r,110.0,Thurs 10/2/22,2022,2
Meryl Size,U3/25 Parker Ave,Strathalbyn,,419830376,2R,110.0,Tues 21/2/23,2023,2
Mrs Bradford,18 Ellis St Eden Hills,Eden Hills,,82785185,L&B,110.0,Mon 9/9/24,2024,2
Mrs Valerie Booker,Apt 69/28C King George Ave,Hove,,437429229,1 Lounge Room,110.0,Tues 14/10/25,2025,2
Peter,U90/33 Golden Grove Rd,Ridgehaven,5097,82634535,H+1br,110.0,Fri 13/9/24,2024,2
Cooper Stanley,491 Grange Rd,Seaton,,435783199,2b+L,109.0,Wed 18/5/22,2022,2
Dulcie Haynes,123 Summer Place,Pasadena,,418110087,2R+P,109.0,Wed 18/5/22,2022,2
J Andjelkovic,3A Wesley St,Lower Mitcham,5062,82766889/438039367,LB+Off+2 mats,109.0,Tues 29/11/22,2022,2
Josephine/Mrs Wella?,U127/3 Cashel St,Pasadena,,81795727,LHB,109.0,Wed 11/5/22,2023,2
Lorraine Hobart,12/3 Cashel St,Pasadena,,5042,BLD,109.0,Mon 31/1/22,2023,2
Margaret Houghton,U26/12 Melville Rd,Salisbury East,5108,82582312,,109.0,Tues 5/7/22,2022,2
Maureen Bean,U22/161 Main Rd (Meander Cottage),Yankallila,5203,439185457,LDH,109.0,Thurs 1/12/22,2022,2
Mr Wilkinson,U97/9 Happy Valley Dve,Happy Valley,,83922697,2R+L+D+H,109.0,Wed 7/9/22,2025,2
Mrs Fendler,16 Green St,16 Green St,82652395,434953020,LP,109.0,18/6/22 call Aug 22,2023,2
Mrs Spantos,U46 Lyndoch Rd ,Gawler East,,85232834,1B+1L,109.0,Tues 8/4/25,2025,2
Mrs Vickery,U79/1 Phillip Ave,Victor Harbour,,85526258,lDK+spots,109.0,Thurs 21/12/23,2023,2
Shirley - passed away,U156/9 Happy Valley Dr,Happy Valley,5159,83922756/414991518,LDBP,109.0,"19/8/23 she is good take her off,31/8/22 call in 1 year carpets still good,22/1/22 she passed away call new tenant Sylvia in 6 months",2023,2
Stephanie  Langley,41 Lomman Ave,Newton,,422294430,3br,109.0,Thurs 13/10/22,2022,2
Vony,42 Lipson Ave,Kadina,,88213980/427213980,LP scotch,109.0,Friday 19/3/21,2025,2
Mrs Raylene Robinson,U3/8 First Ave Ascot Pk,Ascot Park,,82769543/0400264721,3r+H,107.0,Wed 23/2/22,2022,2
Coral Shotton,U17/73 Portrush Rd,Payneham,,83631751/420930667,LD+1br,105.0,Wed 7/6/23,2023,2
Helen Waterman,U5/4 Chapel St,Glenelg,,417665203,,105.0,Tues 24/09/2024,2024,2
Eileen Bunce,U35/7 James Place,Moonta,,408806156,2R+1 sm mat,104.0,Thurs 21/4/22,2022,2
Mr Ray Hardy,25 Lacrington St,Goolwa Beach,,85553787,2R,104.0,Thurs 15/9/22,2022,2
Don Amess & Jenny(partner),29 Lodden Rd,Murray Bridge,,85312918,L+H+b,100.0,Tues 15/08/2023,2023,2
Maryln Sampson,511 Victoria Rd,Osborne,5017,438864106/82481735,3R+1 mat,100.0,Mon 23/8/21,2021,2
Ann Baars,U185/ Glenloth Dve,Happy Valley,,83922785,1 Rug,99.0,Wed 19/2/25,2025,2
Tamara,U18/7 Mooloola Way,West Lakes Shore,,82422641,2br+P+1 computer R,95.0,Wed 2/2/22,2022,2
Doreen Keeling,U65/17 Wilmett Rd,Goolwa Beach,,432944275,1R,79.0,Mon 20/2/23,2025,2
Rosslyn Dickson,U1/350 GJ Rd,Hope Valley,,405082053,1 rug,74.0,Wed 22/10/25,2025,2
Carlo Pitiacelli,U112/1075 G J Rd ,Hope Valley,,405291745,L - 1 stain  2x3+,70.0,Wed 5/4/23,2023,2
Emily,9 Biantism St,Wilmington,9 Biantism St,None,,60.0,,2023,2
Sandra/Bob Obsbourne,U28/Gorge Rd,Paradise,,402016942,Spot cleaning,50.0,Mon 6/3/23,2023,2
Phillip,U3/2 Albert St,Hamley Bridge,,Neighbour,,40.0,,2024,2
1pm,David,44 Hosking Rd,Beaumont,None,5571,,"5/2/22 call Nov 22,6/3/21 new carpets call in a year",2023,2
Audrey Schulz,4 Verco St,Balaklava,,88621167,New,,call in Feb 23,2022,2
Christine,18 Knott St,Melrose,5039,82973691,6 dining chairs+1 arm chair+l room,,5/9/23 na,2023,2
Fri 10/8/18,,U51/35 Coleman Pde,,None,New,,"14/1/22 not at the moment,23/11/21 call next year,28/11/20 not organised,26/8/20 call before xmas,26/6/20 call Sept 20,14/3/20 not organised,7/3/20 na,11/1/20  call in couple of months,7/12/19 call sometime in the new year,xmas 19",2022,2
Hayley Soulis,19 Holthouse St,Wilmington,,None,3r,,10/10/20 na,2023,2
Mrs Edwards,U6/6 Commercial Rd,Strathalbyn,99,85368320,LDH,,Thurs 13/1/22,2022,2
Mrs Jan Crawford,U56/28c King George Rd,Hove,120,435413998,2R,,Thurs 1/8/24,2024,2
Paula Bishop,63718 Horrocks Hwy,Wilmington,5485,None,,,13/4/21 call in a year,2023,2
Rebecca,15 Fairview Cres,Ridgehaven,Suki,403948236,90,,Fri 22/12/23,2023,2
Jan Lecky,U24/3 Cashel St,Pasadena,,409770716,5042,409770716.0,Thurs 8/10/20,2025,1
Mon 22/08/2016,call Aug 17,26/6/21 voicemail,Nangkita,85569056,5210,85569056.0,4/9/21 voicemail,2022,1
Thurs 25/7/19,Chris & Pauline,David,44 Hosking Rd,None,,5571.0,88374339,2023,1
Tilly,,,,None,,729.0,Mon 3/6/24,2024,1
Tony Michaels,1/117 The Esplanade,Henley Beach,,438567561,3x2x2x2$3605R$1892rugs$80,638.0,Fri 29/11/24,2024,1
Mrs Shubert,U39/17 Williams St,Goolwa Beach,,85553176,,637.0,Wed 9/11/22,2022,1
Mrs Braddock,16 Clayton/Milang Rd,Milang,5256,85370456,2br+office+walkway,495.0,Mon 28/06/2021,2021,1
Multricural Age Care,94 Henley Beach Rd,Mile End,,82419900,,489.0,Fri 22/9/23,2023,1
Talitha Lisa-(Paid by Geoffrey Watson),20 Petworth St,Oakden,,82660442/413484302,3e+LD+L+H+mats$2802x2 fabric$190,480.0,Tues 11/3/25,2025,1
Cathy,10 Third st,Orroroo,,408594515,3r+2 Lounge room,450.0,Thurs 30/5/24,2024,1
Cathy White,37 A Irving Road,Aldinga,,408594515,3r,450.0,Fri 1/8/25,2025,1
Doug & Julie Steer,Russell Pl,Strathalbyn,,448402132,Foyer ent+main Hall + stage$269/D+Off+store room$129,449.0,Wed 2/7/25,2025,1
Dr Bruce Perks,U1202/47 Hindmarsh Square,Adelaide,,None,3 2 seater longes + carpets,409.0,Tues 5/10/21,2021,1
Rachel  Mccallum her friend,3 Tuckwell St,Wilmington,,None,5 seater+4b,399.0,Wed 5/7/23,2023,1
Barbara Parker,U156/20 Smith Rd,Salisbury East,,403606197,3br+H+LD$169 1 rug $25 3x2 fabric clean & scotchguard$200,394.0,Tues 11/1/22,2022,1
Dina & Robert Schubert,1669B Survey Rd,Melrose,$40 EFT,402917311,2 seater+3seater+L+rugs,390.0,Wed 14/8/24,2024,1
Rhonda,74 Wilpena Tce,Aldgate,5154,339,2br+landing(UP)3r(down)+16 steps,370.0,Mon 25/10/21,2021,1
David & Gail  Mills,17 Catt Dr,Strathalbyn,,439812241/85918180,5seater+L+ 1BR+H+Br,369.0,Wed 2/07/2025,2025,1
Robyn Oertel,58 High St,Strathalbyn,,427236661,,368.0,Fri 6/6/25,2025,1
Helen Stacey & David Bunton,39B Hargrave Rd,Middleton,,404228322,Up 1 large r+down latge fam r+2 br+steps,359.0,Fri 4/2/22,2022,1
Bowling Club,,,,None,,350.0,Thurs 14/9/23,2023,1
Mrs Reneira Sadler,7 Albion Dve,Strathalbyn,,85362372/477782441,1 room,338.0,Wed 2/4/25,2025,1
Candice Cushway,94 Charles Sturt Ave,Grange,,418783392,        ,330.0,Mon 14/3/22,2022,1
Shane Candlett,1A Nursery Lane,Onkaparinga Hills,,419861858,4 seater+ 2r,329.0,Thurs 30/3/23,2023,1
Helen Phillips,U26/ 7 James Pl,Moonta,,417088378,2nhalf fabric+2b+2large rugs+2sm mats,325.0,Thurs 17/10/24,2024,1
Debra Blakeby,39 Stirling St,Milang,EFT $99 Paid,402911545,3r(109)+2rugs(40)+ 5seater leather(35/40),324.0,Wed 10/2/21,2021,1
Jeff Oakley,Peterbrough Golf Club,End of Jervoice St,chq,None,,320.0,Thurs 19/9/24,2024,1
Chris Wilson,U2/102 Cross Rd,Highgate,,408840001,4r upstairs +1 sownstairs+1rug,319.0,Mon 12/2/24,2024,1
Scott Minervini,5 Cunningham Lane,Lightsview,,429325309,,319.0,Thurs 13/10/22,2022,1
Mrs Jancour,124 Railway Tce,Lucindale,289,87662057,,314.0,Thurs 24/11/22,2022,1
Ray Fletcher,3 Fayden Dve,Paradise,EFT paid,412232900,7 n half rooms+14 steps,310.0,Fri 26/2/21,2021,1
Chris Meinel,4 Lassie Ave,Windsor Gdns,,434612552,LH+rug$129 +couch$100 Back room $50 extra rug outside $30,309.0,Mon 3/02/2025,2025,1
Vicky Nutt,7 Michael Ave,Stirling Nth,,448007545,L suite$239 + rug$70,309.0,Thurs 30/5/24,2024,1
Junes son from Grange,2A Marine St,Sommerton Pk,,410339755,3 br +H(upstaiirs) L+Rug+17 steps(downstairs),300.0,Fri 24/3/23,2023,1
Bob & Debra Mcmurtrie,16 Hampton Cr,Largs Bay,95,84497500,chairs + carpets,299.0,Tues 18/2/25,2025,1
Mr Adrian Lange - EFT,31 Ludgate Hill Rd ,Aldgate,5154,83395981/488178552,3R,295.0,Mon 16/8/21,2021,1
Gayle & Nel Reuter,101 Fencchurch St,Goolwa,,85553194/427521443,Upstairs & downstairs all carpets,288.0,Tues 28/10/25,2025,1
Margaret Rogers,4 Todd St,Kingston,5275,87672354,L/P/B+2 armchairs,288.0,Thurs 24/11/22,2022,1
Rae Bittner,26 Nicolle Ave,Hawthorndene,,411951844,4R+H+L,288.0,Moved to Yorke Peninsular no carpets,2022,1
Colleen Fox mother,70 Ocean St,Victor Harbour,,None,2 velvet chairs+2x3seater+5dining chais,280.0,Mon 11/7/22,2022,1
Liz,798 Strathalbyn Rd,Strathalbyn,,438310415,,280.0,,2022,1
Mary Reeves,10A Lady Bay Rd,Normanville,,419226947,,280.0,Wed 8/12/21,2021,1
Pearly/Tony Michaels,Ebenezeer Lane,Adelaide,Prudence  Office,406336282,Office,280.0,Thurs 12/9/24,2024,1
Lee Daly,U9/1A  Lynn St,Aberfoyle Park ,,411370421,LP+main BR+2 seater+1,279.0,Wed 30/10/2024,2024,1
Mrs  Fraser,10 Cameron Rd,Klemzig,5087,82618676,2 large rugs+1 medium rug+1 medium runner+1 long runner,279.0,Mon 20/1/25,2025,1
Lorraine Hughes,Spiritual Church Cnr of Goodman & Hogarth Rd,Elizabeth,5112,83051600/408805574,5/1/15 chg $239,270.0,Mon 4/1/21,2021,1
Andrew & Fiona,152 Harvey Cres,Black Point,,None,,269.0,Tues 9/5/23,2023,1
Helga Cochran,3A Marlborough St,College Park,,414379363,1 rinner+other carpets,264.0,Mon 5/7/21,2021,1
Jenny Haver (Enzo (Friend),52 Kyle St,Glenside,,401214633,2b+S+rug+5 seater+leather+pufee,260.0,Fri 17/2/23,2023,1
Louise,19 Lindsay Pde,Goolwa Beach,5214,85555151,3r+D+L,260.0,Fri 28/5/21,2021,1
Helen/Grant Minervini,14 Radiatta Rd,Highbury,,412848213,Up 3b+H+Ldown master B,259.0,Tues 3/6/25,2025,1
Jill,U83/35 Cooleman Pde,Evanston Park,,456499722,LDP+2 recliners,259.0,Mon 7/7/25,2025,1
Jeff Southal,91 Agnew St,Kingston,,87672791,2b+H+end R+runner+2large rugs+1 medium rug,254.0,Fri 6/8/21,2021,1
Monica & John Turner,12 Melrose St,Maitland,,458188373,Large living are+2 leather recliners,250.0,Thurs 5/12/24,2024,1
Rachel Rowson,45 Baxter Ave,Surrey Downs,5126,407529253,5seater+lounge ,250.0,Wed 23/6/21,2021,1
Rosemary Taylor,13 Oleander St,Sth Brighton ,Kay,82965226/407718186,L Lounge+2br+Off+little area,250.0,Tues 21/10/25,2025,1
Kate  - send invoice,74 Martin Rd,Inman Valley,5211,434846909,3r+study+l,249.0,Wed 1/9/21,2021,1
Mrs McGee,194/9 Happy Valley Drv ,Happy Valley,,83922794,,240.0,Thurs 14/12/2023,2023,1
Angela Co,2 Cepernicus ,Christie Downs,,451812700,LBL+H,239.0,Thurs 29/8/24,2024,1
Belinda tenant,Jessie Lawler,,,None,,239.0,,2023,1
Leslie Burke,9B Marian Ave,Rostrevor,,413388092,,239.0,Wed 21/8/24,2024,1
Lynette Beard,5/2 Ocean Rd,Chiton,,408085109,3b+Hall runner,239.0,Fri 23/2/24,2024,1
Mary Cole,U62/12 Marina Ave,Belair,,421637072,4 dining chairs+carpets,239.0,Tues 24/09/2024,2024,1
Yael Kerouanton,26 Woodswallow Dr,Happy Valley,,434960914,3BR+H+L+1 L ryg+2 sm rugs,239.0,Tues 2/11/21,2021,1
Joan Marr,117 Noll St,Quorn,,439000326,4R+ 3 rugs,230.0,Wed 14/8/24,2024,1
Michelle & Craig Biar,U6/4 Mccann Pl ,Greenwith,5125,412144385,5R$179 +15 steps$60 she thinks ,230.0,Mon 4/1/21,2021,1
Adrian(Paid by BD Kemble),99B East Tce,Henley Beach,,419814737,L2b+Off+rug+mat+2sm mats,229.0,Thurs 13/3/25,2025,1
Josie Coglin,U57/12 Marine Stave Butler Crt,Belair,Gate 4,None,B+3mats+1rug,224.0,Wed 11/11/24,2024,1
Lyn Davin Mclaren,U218/9 Glenoth Dve,Happy Valley,,429416596,,222.0,Thurs 14/12/2023,2023,1
Elizabeth/Katherine,17 Holthouse Rd,Fulham Gdns,,422671675/83569676,3rP,220.0,Wed 24/3/21,2021,1
Patricia Mold,658 Signal Flat Rd,Finnis,,85368076,,220.0,Thurs 13/1/22,2022,1
Ruth Harris,Villa 65/12 Marina Ave Gloucester St,Belair,,82784403,LD+Main Br+Sm Br+synroom+4 mats,220.0,Tues 25/3/25,2025,1
Ecaterina (wife),,,,434760745,,219.0,,2021,1
Keneatha Pick,U2/3 Strangeways Tce,Pt Elliott,,418987402,L+B+1 rug,219.0,Fri 23/2/24,2024,1
Melissa,10 Weetunga St,Fulham,412150125,None,5 n half seater fabric,219.0,Mon 19/2/24,2024,1
Harkamak Jat Kaur,39 Connie St,Modbury,,424386357,3rup+17 steps,217.0,Fri 29/9/23,2023,1
Talitha Lisa-EFT-Paid,20 Patworth St,Oakden,,82660442/413484302,2b+2L+H+4mats,210.0,Mon 9/8/21,2021,1
Trish Barnett,U1/35 Coleman Pde,Evanston Pk,5116,85237401,"1 lounge, main br + br walkways",210.0,Tues 2/5/23,2023,1
Pat Carter,3 Kennington Rd,Hope Valley,,448363159,3b+L$1596 dining chairs $48,207.0,Mon 20/11/23,2023,1
Sue Poole,57 Yettie Road,Williamstown,,429197667,3 sm br+1xcarpet aquare+8bedside mats,206.0,Fri 11/10/2024,2024,1
Sharon Mcardle,17 Freebairn Estate Rd,Owen,5460,85286117/419843567,2bH+L+mat,204.0,Fri 14/5/21,2021,1
Betty Maxwell,U1/113 States Rd,M/Vale,,407891832,2br+L,200.0,Mon 7/2/22,2022,1
Dianne,43 Underwood Close,Golden Grove,,None,,200.0,Mon 16/10/23,2023,1
Judith Sorensen,U4/21 Adelaide Rd ,Mccracken,,85523995,L+mainBR+P,200.0,Thurs 9/10/25,2025,1
Julia Mcfarlan,U83/10 Marina Ave,Belair,,417389541,LDB+sunroom+1 large rug+mat $209 pd $200,200.0,Mon 25/11/2024,2024,1
Leela Goodhand,42 Thornton Dve,Greenwith,EFT Paid,83691002/0427052675,,200.0,Thurs 16/12/21,2021,1
Michael,507 Kensington Rd,Wattle Park,,416020137,16 steps+dine+open entrance,200.0,Tues 23/5/23,2023,1
Mrs Pat  Arthur Edward Cheadle,U14/21 Adelaide Rd ,Mccracken,,75224485,large rumpus room+2 br,200.0,Thurs 9/10/25,2025,1
Patricia,8 Edithburg Grove ,Strathalby,,85190231,2 reclinerA+2seater+1 round rug,200.0,Fri 19/8/22,2022,1
Carmin & Graeme,11 Poltong Cres,Encounter Bay,9am,83703749,3 seater+2 seater leather,199.0,Wed 7/8/24,2024,1
Mrs Clonan,62 Marine Pde,Kingston,5275,87672187,2r=4+15 steps landing,199.0,Thurs 24/11/22,2022,1
Carmel Lawn,U14/30 Norfolk ,Marion,,417205391,,190.0,Mon 2/6/25,2025,1
Glen Fendler Paid by Mary J Ashenden,13 Headingly Ave,Hope Valley,,434953020,,190.0,Thurs 13/2/25,2025,1
Judith Lane,U42/ Gate 3 Gloucester Rd,Belair,,82788950,LD+sun R+B,190.0,Thurs 2/10/25,2025,1
Mrs Janice& David  Benton,U26/3 Cashel St,Pasadena,5042,81795626,LB+5rugs,190.0,Thurs 13/3/25,2025,1
Simone & Hans Brickell,U1/24 Gardiner St,Goolwa,,450452028,LD+B+mat,190.0,Thurs 22/1/25,2025,1
Helen Brown,Villa 21/71 Glouceste rAve,Belair,,428830445,Sunroom/B+L/D+Off,189.0,Mon 31/3/25,2025,1
Helen Stacey Duncan,17 Harriet St,Strathalbyn,,41601750/416075052,HD+L+Off+4 cm mats,189.0,Tues 22/2/22,2022,1
July Bettes,U40/48 Gloucester Rd,Belair,,427094978,Main B+LD+4 little rugs,189.0,Tues 15/4/25,2025,1
Kay Longe,2 Yamba Grove,West Lakes Shore,,450297761,LD+3b+sm L,189.0,Tues 18/2/25,2025,1
Lorraine Cramp,7 Kneebone Dve,Pt Victoria,,88342163,3b walkwaysLDP+2 mats,189.0,Thurs 18/3/21,2021,1
Lorraine Saunders,33 Mitchell St,Crystal Brook,5523,86362491,2 single fabric +LH,189.0,Thurs 18/2/21,2021,1
Raymond John Smith,298 Sullivan Beach Rd,Morphetvale,cheq,83824406/428206753,3bL+P,189.0,Wed 15/9/21,2021,1
Monica Madigan,U155/9 Happy Valley Rd,Happy Valley,,None,2b+L+D+P,184.0,Tues 13/4/21,2021,1
Christine Sheffield,2A Tyne St,Gilberton,,417704004,LDB($109)+rug($25)+4x steps $4 perstep,181.0,Thurs 25/2/21,2021,1
Beth Hintz,7 Watten Ave,Paradise,,83364185,,180.0,Wed 15/11/23,2023,1
Bonnet,28 Mahagoney Cnr Christopher St,Dernancourt,,407971417,l1nhalf dining+1nhalfP+F+B,180.0,Fri 15/11/24,2024,1
Filimina  Labbaozzetta,11 Warren Ave,Paradise,,83377076,3br+2br walkways+l+h+sm rug,180.0,Mon 5/2/24,2024,1
Keith (passed away) & Bev,U6/42 Lond Island Rd,Murray Bridge,5254,85325503,2Br+mat+armchair,180.0,Wed 7/4/21,2021,1
Lynn Mckeough,48 hill st,Peterborough,,417807916,L+D+1 recliner+free scotch,180.0,Fri 11/6/21,2021,1
Rebecca Lyman,Lot 111 Freebain Rd,Quorn,,407816210,4 BR walkways,180.0,Wed 14/8/24,2024,1
Elizabeth Gustavson-EFT -Paid,49 Quondong Ave,Athelstone,,418805661,"HBLupstairs+off downstairs+rug+2 large ,ats+2 small mats",179.0,Mon 9/8/21,2021,1
Lexy Richardson,55 Forrestall Rd,Elizabeth Downs,,434304442,Large L +3 br,179.0,Mon 6/6/22,2022,1
Matt Scholz-Max/Filomena,27 Vickers Vimmer Pde,Northgate,,412018133,4 br upstairs,179.0,Wed 9/4/25,2025,1
Patricia Dorsford,U7/33 Catalina St,Elizabeth East,,488003357,1R+Living areas,179.0,Mon 29/9/25,2025,1
Wendy Farwood,16 Hooper Rd,Strathalbyn,,407791554,2br+1 rug+3 mats,179.0,Thurs 24/10/24,2024,1
Angela Howard,11 Limpfield Ave ,Hawthordene,,410025135,,170.0,Wed 26/5/21,2021,1
Brian Stewart,16 Wyong Rd,O'Sullivan Beach,,417551440,,170.0,Mon 10/2/25,2025,1
Catherine Brown, Moore St,Pasadena,,438767927,,170.0,Tues 3/10/23,2023,1
Christine Douglas,U22/3 Belperio Court,Thorndon Pk/Paradise,,428652927,,170.0,Fri 5/5/23,2023,1
Denise Bushell,34 Aquamarine Ave,Salisbury East,,407796504,,170.0,Fri 17/1/25,2025,1
Mrs Renate Sadler,7 Ablion Dve,Strathalbyn,,85362372,3br +L+mar,170.0,Thurs 15/9/22,2022,1
Rosella Rappell,1348 G J Rd,Hope Valley,,432679564,,170.0,Wed 15/10/25,2025,1
Rosie Greig,93 Narrung Road,Meningie,,412159962,2br+7 rugs( 5 large +2 mats),170.0,Thurs 5/8/21,2021,1
Stuart Wallis,48 Domain St,Moana,,410913314,Up BL+L down,170.0,Tues 4/2/25,2025,1
Binney,8 Jennifer St,Paradise,,423693482,,169.0,Tues 7/11/23,2023,1
Chris,16 Bollard Tce,Seaford Meadows,,424701967,3b,169.0,Wed 7/5/25,2025,1
Clara,7 Pimelea Rd,Reynella,,450933942,3R+L,169.0,Fri 6/9/24,2024,1
Esmond & Richard Simpson,24 The Walk,Coromandel Valley,,438786324,4r+2rugs,169.0,Mon 22/1/24,2024,1
Jan Sherwell,15/30 Norfolk Rd,Marion,,82901206,,169.0,Mon 2/6/25,2025,1
Kylie Harrison,80F Lyndoch Rd,Gawler East,,438244313,,169.0,Wed  17/1/24,2024,1
Marion Jackson,U60/670 Grand Bld Rd,Seaford,,83924660,2br+L,169.0,Mon 9/5/22,2022,1
Mrs Shute,U50/9 Happy Valley Dr,Happy Valley,5159,83922650,4r,169.0,Thurs 16/01/2025,2025,1
Pat,U157/20 Smith Rd,Salisbury East,5159,81822857,,169.0,Wed 19/1/22,2022,1
Sheila Campbell,13 Hawaii Crt,West Lakes,,409671341,Pd $159?,169.0,Tues 5/4/22,2022,1
Alicia,68 Stokes Tce,Port Augusta,,472525061,3br+L+D+P,160.0,Thurs 19/5/22,2022,1
Deb James,34 Shakeshaft Dv,Normanville,,417881633,,160.0,Thurs 13/06/2024,2024,1
Jim Douglas,Villa 9 /6 North St,Henley Beach,,417875232,,160.0,Tues 18/3/25,2025,1
Katerina Klomp,U51/ 1 Lynn St,Aberfoyle Pk,,428858389,,160.0,Thurs 28/10/21,2021,1
Lindsey,109 Foot St,Melrose,5483,None,3r+3seater fabric,160.0,5/9/23 disconnected,2023,1
Maree Jolly,U89/28c King George Ave,Hove,,407603107,LBS+mats,160.0,Mon 9/12/2024,2024,1
Margaret Miller,27 Tasquin St,Panorama,,432562368/82776600,2 sq+4 dining chairs,160.0,Thurs 25/3/21,2021,1
Marrawyn Hearnden,1 Ralli-Werocta Rd,Balaklava,,409397123,2R$139 stains extra,160.0,Tues 10/9/24,2024,1
Michael Oakley,U223/18 Mcharge,Happy Valley,,458784218,LD,160.0,Mon 16/6/25,2025,1
Mrs Thomas & Ray Thomas,U55/12 Mccraken Ave,Mccracken,5211,85528728,L2B+runner+2 mats,160.0,Thurs 9/05/2024,2024,1
Phillip Keanihan,133 Commercial Rd,Salisbury,,427840534,,160.0,Fri 2/8/24,2024,1
Ann Corcoran,U44/1A Lynn St,Aberfoyle Pk,,405000347,2b+H+L,159.0,Mon 15/4/24,2024,1
Antoinett Fleming,10 Eilson St,Normanville,,404445056,3r,159.0,Thurs 23/11/23,2023,1
Doug  & Ellis Steer,4 Stephens Ave,Strathalbyn,,448402132,LD+R+2 rugs,159.0,Wed 4/9/24,2024,1
Fay Galway,45 Strathmore Dve,Strathalbyn,,419253371,2 L rugs,159.0,,2025,1
Heather Moore,U107/Maud St Rosetta Village,Encounter Bay,5253,429303304,2b+H+LD+tv room,159.0,Thurs 4/2/21,2021,1
Helen Easther Smith,63 Kerley St,Pt Broughton,,408825591/88322623,3R+Rug,159.0,Thurs 22/4/21,2021,1
Hew Grano,62 Harrow Road,College Park,,None,,159.0,Tues 14/1/25,2025,1
Joan Boylan,11 birkdale ave,Clarence Park,5034,429456399,2R+2 rugs,159.0,Mon 2/5/22,2022,1
Lara Mccarron,U10/4 Macklin St,Hyde Park,,413380113,2 R,159.0,Thurs 6/2/25,2025,1
Liz & Peter Kenny,U66/28C King George Ave,Hove,,82980666,Hove,159.0,Mon 11/12/23,2023,1
Lucy Arnold,5 Diagonal Rd,Glenelg East,5045,403607324,4br,159.0,Fri 1/9/23,2023,1
Lyla Davison,U1/81 Valley View Dve,Mclaren Vale,,83238337,P+L+D,159.0,Mon 29/4/24,2024,1
Michaela Ryan,78 Bourke St,                                                                                                             ,,408075111,2R+Rug,159.0,Wed 18/9/24,2024,1
Mrs Sawade,4 Moorcroft Crt,Burnside,,83324027, LD+H+1b ,159.0,Tues 23/3/21,2021,1
Pat Maidment,5 Lovelock Close,Normanville,5204,458483325,,159.0,Thurs 3/2/22,2022,1
Renate Falk,U55/9 Happy Valley Rd,Happy Valley,,411480139,LB+Off,159.0,Wed 5/3/25,2025,1
Gary/Theresa,U1/41 Hurtle Square,Adelaide,,439320053/420419650,5r,150.0,Tues 25/1/22,2022,1
James Simpson,54 Down River,Valley View,,435045473,1 carpet + 3 seater,150.0,Wed 12/1/22,2022,1
Jenny,,Roseworthy,,406495880,3br+P,150.0,Thurs 16/9/21,2021,1
Katlyn Kiss,13 Farmer St,Newton,,413139976,R+L,150.0,Thurs 8/2/24,2024,1
Lesley Carnogursky,U52/35 Coleman Pde,Evanston Pk,,85237452,L1btiny denP+scotch,150.0,Fri 10/12/21,2021,1
Mr Ross Price,3 Eighth St,Snowtown,,88652102/0428652101,2brPLD,150.0,Fri 23/4/21,2021,1
Mrs Arthur Edward Cheadle,U14/21 Adelaide Rd Harbour Village,Mccracken,,75224485,,150.0,Wed 8/05/24,2024,1
Mrs Peggy Bailey,3 Barton Rd,Tiddy Widdy Beach,,88373501,2r,150.0,Fri 16/12/22,2022,1
Mrs Simpson,24 The Walk,Coromandel Valley,,None,4R small=+2 small rugs,150.0,Tues 19/10/21,2021,1
Sid  Andrew James,Holder St,Carrickalinga,,None,,150.0,Thurs 3/2/22,2022,1
Sonia Casanova,10 charles bonney dr Robe,Robe,,417869992,l+2br+rug,150.0,Fri 6/8/21,2021,1
Vicky,15 Springbett Dr,Hayborough,,402488834,,150.0,Mon 11/7/22,2022,1
Vicky /Robert Power,15 Springbett Dr,Hayborough,,402488834,1 br carpet,150.0,Thurs 31/8/23,2023,1
Audrey Ovorn,9 Neyler St,Edithburg,Wed 25/3/15,88526145,2bH+mat,149.0,Thurs 13/5/21,2021,1
Irena(Tatiana)Arkhipova,5 Branston Crt,Vale Park,,430495920,,149.0,Thurs 16/2/23,2023,1
Jan & Davey Lloyd,U160/9 Happy Valley Dve,Happy Valley,5159,83922760/414931950,BLD,149.0,Tues 10/1/23,2023,1
Leon/Beth,10 Jenkin Ave,Victor,,85521176,dlbr+mat in family+carpet sq,149.0,Thurs 19/1/23,2023,1
Lynn Giles,U30/8 Dale Rd,Pt Broughton,,86352365,L+2Br+P,149.0,Wed 10/5/23,2023,1
Melina Stewart,8 McCann Ave,Glenleg North,,415756732,,149.0,2025-01-09 00:00:00,2025,1
Mrs Esmond Simpson(Richard),24 The Walk,Coromandel Valley,,438786324,4r+2rugs,149.0,Wed 3/5/23,2023,1
Mrs Roger & Janet Crawford,40 Atnealba Rd,Wilmington,,86675228/429900227,4b,149.0,Fri 11/3/22,2022,1
Carolyne,51A First St,Quorn,,402444236,2 hall runners$110+rug$35,145.0,Thurs 1/2/24,2024,1
Carolyne Walters her mum,51A First St,Quorn,,402444236,2 hall runners+1 rug,145.0,Wed 14/8/24,2024,1
Daughter,,,,None,,144.0,,2025,1
Keith& Bev,U6/42 Long Island Rd,Murray Bridge,Wed 1/4/15,85325503,,140.0,Tues 14/12/21,2021,1
Mrs Lena Watson,U38/320 Victoria Rd,Largs North,,82480147,LB+1 small mat+1 recliner,140.0,Fri 22/1/21,2021,1
Mrs Lorraine Storie,13 Crawford St,Goolwa,5214,85551193,4 lounge recliners,140.0,Fri 22/10/21,2021,1
Naomi Kathy Joppich,57 Carrethers Dve,Modbury Nth,,401618838,4 leather chairs,140.0,Wed 3/3/21,2021,1
Nina Jones,U118/30A Norfolk Rd,Marion,,417064898,LD+smH+1B,140.0,Thurs 14/11/24,2024,1
Trevor  & Rose Rappell,1348 Grand Junction road,Hope Valley,,409575257,"Family R , Passage & Lounge",140.0,Fri 19/4/24,2024,1
Trudy George,U40/320 Victoria Rd,Largs North,,83419700,1 br+ 2 recliners,140.0,Fri 22/1/21,2021,1
.l;,U4/15A Rosella St,Payneham,,None,3R,139.0,Tues 19/11/24,2024,1
Angela & Robert Shaw,U5/1 Barracks Lane,Bridgewater,,83993453,LB,139.0,Thurs 21/11/24,2024,1
Barbara Waldron,U12/1 Lynn St,Aberfoyle Pk,,82705812,lb+study+p,139.0,Wed 30/3/22,2022,1
Betty Michael,25 Short Tce,Balaklava,5461,88621945/447621940,3r+half P,139.0,Tues 24/5/22,2022,1
Catalina(Dafna tenant),21 Princess Ave,Greenacres,EFT paid,452531988,,139.0,Tues 14/9/21,2021,1
Chris Graham,177 Broster Rd,Arthurton,,439684858,1 big rug,139.0,Inv sent 18/10/24,2024,1
Christine/John Cullea,10 Marina Ave Gate5,Belair,,434355748,LDB=sun/Off,139.0,Wed 11/11/24,2024,1
Colleen Wagner,U13/Belperto St,Paradise,,417324755,LD+B+H,139.0,Tues 7/3/23,2023,1
Dina,1669B Survey Rd,Melrose,,None,,139.0,Bked for 24/5/19 & 17/1/20& 23/4/21,2023,1
Doone Winnall/Peter,Villa 18/71 Gloucester Ave,Belair,,422024240,2 small br,139.0,Fri 21/4/23,2023,1
Dorothy Woolidge,6 Holness St,Gawler East,,85223891,FP+LD,139.0,Tues 16/11/21,2021,1
Jan Walker,U42/7  James Place,Moonta,Gate 2,402088183,,139.0,Thurs 21/4/22,2022,1
Janet Rice,U111/9 happy valley Dr,Happy Valley ,gate 1,83922711,LD+2br+P,139.0,Tues 26/4/22,2022,1
Karlene  Thompson,5 Clarence Dr,Athelstone,5076,417810161,2Br+L+D+1 extra r,139.0,Thurs 28/1/21,2021,1
Kylie Clarke,29 Vincent St ,Christies Beach,,478088731,3br+sm H+LD,139.0,Wed 7/7/21,2021,1
Leon/Beth Duke,10 Jenkin Ave,Victor,,409882548,2br+carpet square,139.0,Fri 14/6/24,2024,1
Leslie,U52/35 Coleman Pde,Evanston Pk,,403934426,3r,139.0,Thurs 8/8/24,2024,1
Loris,U53/1A Lyn St,Aberfoyle Pk,,432203499,,139.0,Thurs 21/09/2023,2023,1
Lorrs/Harry,U53/1A Lyn St,Aberfoyle Pk,,432203499,,139.0,Fri 29/9/23,2023,1
Margaret Ringwood,7122  Main South Road,Normanville,Second Valley,412012070,Big billboard driveway after that right side wooden ,139.0,Thurs 28/4/22,2022,1
Margie Ringwood,7122 Main Sth RD,Normanville,,412012070,,139.0,Thurs 1/12/22,2022,1
Mrs Edith Williams,U217/1 Maud St,Victor Harbour,,85523464,LD+P+study,139.0,Tues 7/9/21,2021,1
Mrs Minervini,2C Kapoola Ave,Felixstow,5070,413968102,3b+LP,139.0,Tues 28/9/21 ,2021,1
Pamela Steinberg,U222/ Happy Valley Dr,Happy Valley,,83922822/401048918,LD+sm H+1Br,139.0,Fri 18/6/21,2021,1
Paul Gee (Kenne),2A Macumba Ave,Lockleys,,417879370,3b+WIR,139.0,Tues 9/7/24,2024,1
Rosa Lee Curtis,U117/1 Phillip Ave,Victor Harbor,5211,85525866,3r,139.0,Wed 14/9/22,2022,1
Tom,U1/37 Golfeus Ave,Seaton,,404765895,,139.0,Fri 15/7/22,2022,1
Caravan Park,,,,None,2 large areas,130.0,,2021,1
Carole Holroyd,24 Lascelles Avenue,Hove,417800132,None,2 rugs+1 etxra mat,130.0,Thurs 24/2/22,2022,1
Fay Coffer,U14/ Moore St,Pasadena,,None,B+L,130.0,Mon 3/3/25,2025,1
Fay Loffler,U15/5 Moore St,Pasadena,82777387,435133220,1b+rug+chair,130.0,Wed 8/3/23,2023,1
Jenny Koch,50 Shannon Tce,Maitland,5573,88322025,2br+office,130.0,Thurs 10/2/22,2022,1
John & Ann,U16/71 Gloucester Ave,Belair,,82783683,2bLD+sm sunroom,130.0,Mon 29/11/21,2021,1
Katherine Brown, U13/Moore St,Pasadena,,438767927,B+Rug,130.0,Mon 3/3/25,2025,1
Mrs Joan Gurr,U78/3 Cashel St,Pasadena,,407509595,2r,130.0,Mon 24/02/2025,2025,1
Redman Daphne(Her mother),U4 Margate Ave,Hayborough,,428851087,recliner+rug+mat,130.0,Mon 11/7/22,2022,1
Sandra Mountford,36 Beachside Village,Normanville,,85582942/400243003,LD+P,130.0,Fri 7/5/21,2021,1
Angela Shaw,U5/1 Barracks Lane,Bridgewater,424707425,83393453,L1b+rug,129.0,Wed 24/11/21,2021,1
Antonia Carbone,4A Mongbools Ave,St Marys,,82773247,3br,129.0,Mon 28/11/22,2022,1
Barbara Ellis,15 Sturt St,Victor Harbor,5211,85529324,2b+P+rug,129.0,Thurs 11/3/21,2021,1
Bev Shean,U173/1 Maude St,Encounter Bay,,85526365,LD+F room+2b,129.0,Mon 17/8/20,2022,1
Carina Lawless,62 Clifftop Drive Sunny side,Murray Bridge,5254,410378552,3 r,129.0,Wed 7/4/21,2021,1
Christine/Jonathan,U91/The Boulevard,Seaford Rise,,408606633,3R,129.0,Mon 22/1/24,2024,1
Dianna Nemeth,43 Underwood Close,Golden Grove,,412441564,2b+study,129.0,Mon 8/5/23,2023,1
Doone Winnall,Villa 18/71 Gloucester Ave,Belair,,422024240,2 small br,129.0,Mon 11/4/22,2022,1
Elizabeth Gustavson-EFT,96 Sir Donal Bradman Dr,Hilton,EFT Paid,418805661,1 large rug,129.0,Tues 17/8/21,2021,1
Elizabeth Scarce,U149/Cashel St,Pasadena,,81795749/410170019,3r,129.0,Wed 15/06/2022,2022,1
Erin Crossman,17 Third St,Gawler South,EFT Paid,430274066,3R+H+rug,129.0,Mon 23/8/21,2021,1
Evelyn Mac,70 Greenglade Dr,Paradise,,419805836,HDL,129.0,Fri 24/2/23,2023,1
Evelyn Mack,70 Green Glade Dv,Paradise,,83377439,L+ little hallway,129.0,Wed 22/5/24,2024,1
Helen Allen,U93/3 Cashel St,Pasadena,,81795693,LBStudy,129.0,Wed 6/10/21,2021,1
Iris Abbot,35 Faulkner St,Meningie,,407718736,LD+b,129.0,Thurs 5/8/21,2021,1
Jason Sellars,24 Buckingham Ave,Warradale,EFT paid,409464626,HP,129.0,Fri 10/9/21,2021,1
Jeff Mathurst,3 Coorinda Cres,Athelstone,,408803931,4rugs,129.0,Fri 24/2/23,2023,1
Kath Bevan,U55/Moore Ave,Pasadena,,410181477,,129.0,Mon 26//5/25,2025,1
Kiro,U1/119 Gorge Rd,Paradise,,410591116,LDP,129.0,Mon 3/02/2025,2025,1
Libby Freeman - Her Daughter,,Carricalinga,,409338402,,129.0,Thurs 18/8/22 - Paid by Jane Gronow,2022,1
Mandy Hissey,8 Roper Rd,Willyaroo,,85363246/408087607,4r+WIR,129.0,Tues 31/8/21,2021,1
Marlene Richmond,U179/1 Maud St,Victor Harbor,,405070336,L D + 1b,129.0,Thurs 7/4/22,2022,1
Mary Giles,U2/48 Victoria St,Peterborough,5422,86512231,L+Bsmall L,129.0,Fri 11/6/21,2021,1
Mr Frank Williams,27 Trowbridge Ave,Mitchell Park,,82772731/448664070,4r,129.0,Tues 11/5/21,2021,1
Mrs Bing,U1/42 Newland St,V/Harbour,,419817856,LDP+2b,129.0,23/10/20 call Feb 21 she is hoping landlord will put in new carpets,2023,1
Mrs Powell-EFT - Paid,24 Hilltop Ave,Ridgehaven,5097,82642518,3R,129.0,Mon 29/8/22,2022,1
Mrs Powell-EFT paid,24 Hilltop Ave,Ridgehaven,5097,82642518,3R,129.0,Wed 18/8/21,2021,1
Mrs Wilson-EFT-Paid,U57/35 Coleman Pde,Evanston Park,,85237457,Evanston Park,129.0,Mon 29/3/21,2021,1
Mrs Wright,U3/5 Sturdee St,Broadview,,83444922,3r+h+ sm rug+sm mat,129.0,Tues 14/9/21,2021,1
Nicole Taylor,685 Yarindale Road,Meningie,,417809395,L+2br,129.0,Thurs 5/8/21,2021,1
Pam Lehman,U1/71 GloucesterAve,Belair,,488783056,2br+DL+mat,129.0,Fri 21/4/23,2023,1
Pat Ellis,U25/ Moore St,Pasadena,,82765029,2b,129.0,Tues 15/4/25,2025,1
Peter & Mrs Russell,U1/1 Carlyle St,V/Harbour,5211,411204921,main bedroom,129.0,Fri 19/11/21,2024,1
Rachael/Cameron Baeker,20 Leonard Ave,Trinity Gdns(Evanston Sth),,431777072,,129.0,Wed 8/2/23,2023,1
Raelene,U8/60 George St,Marion,,408070975,,129.0,Tues 22/4/25,2025,1
Robert Bradshaw,12 Galerway Cres,Salisbury,,409099510,,129.0,Wed 22/11/23,2023,1
Sam Wesley,1074 Milang Rd,Milang,,404793207,1r+P,129.0,Wed 31/3/21,2021,1
Shiela Kewley,U96/20 Smith Rd,Salisbury East,5108,81822796/401378362,3r,129.0,Mon 26/9/22,2022,1
Sister,52A Fentonaye,Christies Beach,,None,2 sm B+rug,129.0,Thur 12/12/24,2024,1
Sophia Carson,3/171 St Bernards Rd,Rostrevor,,450595705,,129.0,Mon 27/2/23,2023,1
Sue & Jerry Mitchell,48A Kipling Ave,Glengowrie,,417889973,,129.0,Tues 30/5/23,2023,1
Sue Ellis,9 Santana Crt,Aberfoyle Pk,,427162009,L3b,129.0,Tues 23/2/21,2021,1
Trish Barrett,U1/35 Coleman Pde,Evanston Pk,5116,85237401,"1 lounge, main br + br walkways",129.0,Thurs 16/9/21,2021,1
Beverley,6 Abbot Ave,Mclaren Vale,,83238502,1 chairs+L+rug,120.0,Tues 13/7/21,2021,1
Denise Jones,1 Mann St,Hyde Park,,417887467/81720214,1 rug shaggy,120.0,Tues 26/11/2024,2024,1
Freda Ungermann,U1/3 Rossington Ave,Myrtle Bank,5041,82710949,LD+1br (walkway) 3 mats,120.0,Mon 17/10/22,2022,1
George/Lois Stewart,33 Birkinshaw Ave,Tranmere,,417853748,2+P+ rug,120.0,Thurs 30/9/21,2021,1
Julie Chamberlain,U2/63 Hectorville Rd,Hectorville,,401629849,LDB+H,120.0,Tues 8/11/22,2022,1
Margic Hanna,84 Rose St,Prospect,,83444794/412808213,,120.0,Thurs 13/10/22,2022,1
Michael /Alison,28 Margaret Ave,Glenalta,5052,82781890,2rugs+couple mats,120.0,Tues 23/2/21,2021,1
Mother Minervini,U6/14 Walnut Gr,Dernancourt,,None,,120.0,Tues 3/6/25,2025,1
Mrs Peter & Jan Crawford,U56/28c King George Rd,Hove,120,435413998,2R,120.0,Tues 20/8/24,2024,1
Pat Illes,U25/Moore St,Pasadena,,410094500,2r,120.0,2024-07-31 00:00:00,2024,1
Rita Anesbry,3 Soth Tce,Quorn,,428581255,1Lounge room,120.0,Fri 23/5/25,2025,1
Clarice Williams,6A Braunack Ave,Tanumda,,85630964,,119.0,Fri 18/11/22,2022,1
Filomena,46 Oxford Circuit,Newton,,417816780,,119.0,Wed 27/1/21,2021,1
Helen Reid,25 Cypress Ave,Hawthorndene,,402520271,2sm P+sm dining+br walkways,119.0,Mon 11/4/22,2022,1
Linda Morris,U27/1A Lyn St,Aberfoyle Pk,5159,408210950,P+2br,119.0,Tues 20/4/21,2021,1
Lorrice,8 Tuckwell St,Melrose,5483,None,3r+P,119.0,5/9/23 call end of the year,2023,1
Mrs Jean Webb,13 high St,Ardrossan,5571,88373423,1 R+1Rug+1runner,119.0,Fri 11/2/22,2022,1
Mrs Orr,U212/18 Mccharge Rd,Happy Valley,,83815309,3r+rug,119.0,Mon 18/1/21,2021,1
Rosalie Freebairn,997 Windview Rd,Snowtown,5520,88652575/437218899,2b+P+2rugs,115.0,Fri 23/4/21,2021,1
Andrea Bates,1B Curtis St,Hectorville,,429484076,L+2br,110.0,Fri 10/12/21,2021,1
Chelsea Mitchell,11 Wyman Way,Woodcroft,,406023877,chocolate stain,110.0,Tues 8/7/25,2025,1
Dawn Brown,U209/2 - 8 Symes St,Ashford,,81930209,2bLH,110.0,Thurs 14/10/21,2021,1
Dean Fiedler,U1/20 Cooks Roadd,Windsor Gdns,,412877995,2r+H+L,110.0,Fri 20/8/21,2021,1
Evon Lucas,444/60 Cocorane ,West Lakes,,429381990,,110.0,Tues 21/5/24,2024,1
Judy clayton,21 Pope Crs,hope valley,,430791953,,110.0,Mon 17/5/21,2021,1
Keith Taylor,U159/20 Smith Rd,Salsbury East,5108,81822859,L2b,110.0,Fri 10/12/21,2021,1
Mr Harry Mann,U41/320 Victoria Rd,Largs North,,82482413,3r,110.0,Thurs 28/1/21,2021,1
Mrs Hobbs,187B Fencchurch St,Goolwa,,85552396,H+1be+study+1 sm mat+ 1 medium mat,110.0,Mon 6/9/21,2021,1
Tony/Kay  Finn,20 Sixth St,Quorn,86486172,429486172,3br,110.0,Fri 20/5/22,2022,1
10.30am,10 Jenkin Ave,Victor,,85521176,LDP+office sq,109.0,Wed 31/3/21,2021,1
Amber Leslie,42 Pomona Rd,Stirling,,422415003,3 rooms,109.0,Wed 13/10/21,2021,1
Athalie,8 Maude St,Victor Harbor,,85525670,Lounge long+1br+long passage,109.0,Thurs 15/9/22,2022,1
Bob,U4/2A Albert St,Hamley Bridge,,455379150,LB,109.0,Tues 24/5/22,2022,1
Heather/Joyce Babhnish,U270/1215 GJ Rd,Hope Valley,,84640016,LDBP,109.0,Wed 4/5/22,2022,1
Jan/Lloyd,U160/9 Happy Valley Dve,Happy Valley,,83922760/414931950,BLD,109.0,Mon 18/1/21,2021,1
John & Robin Groves,U84/35 Coleman Pde,Evanston Park,,85237484,LD+rug,109.0,Fri 5/3/21,2021,1
Kasturi Vimalanathan,28B Ralph St,Sturt,,434223087,2 rugs,109.0,Tues 15/11/22,2022,1
Kathleen/Angela  herdaughter,125 Victoria St,Peterborough,5422,86512268,2br,109.0,Tues 29/7/25,2025,1
Leslie Maurish,U23/7A Wheaton St,Nth Plympton,,417834042,,109.0,Mon 28/3/22,2022,1
Margarit Winston,194 Canterbury Rd,Victor Harbor,,417585397,H+L,109.0,Tues 22/2/22,2022,1
Mary Angel Strange,179 Main Rd,Blackwood,,827855922,3r,109.0,Wed 22/12/21,2021,1
Mon 23/3/15,U1/1 Carlyle St,V/Harbour,,411204921,,109.0,Booked on 22/6/17 for 23/6/17,2023,1
Morgan White,18 Sedghill Rd,Elizabeth North,,477325866,LH+2b,109.0,Tues 13/4/21,2021,1
Mrs Beadman,101 Coromandel Dve,Victor Harbour,,428853602,Lmain Br+3 runners,109.0,Wed 14/4/21,2021,1
Mrs Berry,U9/17 Edithburg Rd,Strathalbyn,,85368386,L+B+runner,109.0,Tues 30/3/21,2021,1
Mrs Hawks,U219/Glenoth Dve,Happy Valley,,83922819,2brug,109.0,Tues 18/5/21,2021,1
Mrs Helen Eden,13 Hay St,Kadina,5554,88212096,2b+f,109.0,Wed 4/8/21,2021,1
Mrs Jean Darby,U3/3 Cashel St,Pasadena,,81795603,3r,109.0,Mon 4/4/22,2022,1
Mrs Jole,U73/1A Lynn St,Aberfoyle Park,,82703048,2b+H+tiny sitting r,109.0,Wed 9/2/22,2022,1
Mrs June Pearson,6 Hastings St,Normanville,5204,85583510,1bLH,109.0,Thurs 27/5/21,2021,1
Mrs Pat Tuffrey,76 Crozier Rd,Victor Harbor,Southern Cross 1300203077 ,85521131,3r,109.0,Tues 29/6/21,2021,1
Mrs Walker,4B Bond Ave,Victor,,85522556,3r,109.0,Thurs 11/3/21,2021,1
Mrs Wilson,U57/35 Coleman Pde,Evanston Park,5116,85237457,Evanston Park,109.0,Tues 18/1/22,2022,1
New tenant - John & Robin Groves,U84/35 Coleman Pde,Evanston Park,,85237484,LD+rug,109.0,Fri 5/3/21,2024,1
Ray & Maureen Krause,U120/7 Sommer Pl,Pasadena,,82777084,LD3x4metres+P,109.0,Mon 13/7/22,2022,1
Robyn Page,7 King Crt,Murray Bridge,,424843807,3b,109.0,Thurs 14/7/22,2022,1
Ron Coombs,103 Clairville ,Campbelltown,,83362116,3r+P,109.0,Tues 17/5/22,2022,1
Sonia,5 Monash Tce,Murray Bridge,5253,423147575,3R+P,109.0,Tues 14/12/21,2021,1
Tracy,,,,None,,109.0,,2022,1
Denise Nhske,6 Sweetman Ave,Encounter Bay,,413311964,2 seater+1 recliner,105.0,Tues 13/7/21,2021,1
Ali,8 Winterbourne St,Elizabeth Vale,,404863660,3r,100.0,Wed 17/11/21,2021,1
Allan Hall,U2/10 Faifpellegrine Drv,Tanunda,5352,438395271/85631039,2b+2rugs,100.0,Tues 2/2/21,2021,1
Andrew & Angela Shiller,114 Wattle Dve,Mccracken,,85527754,LP,100.0,Mon 28/6/2021,2021,1
Brenda,28 Anderson Crt,Campbelltown,,409036577,3 r small need receipt,100.0,Thurs 4/03/2021,2021,1
Fay Lofter,U14/5 Moore St,Pasadena,,None,1r+1rug,100.0,Wed 8/3/23,2023,1
Her mother,,,,None,,100.0,,2022,1
Joan Allen,14A Gulfview Rd,Blackwood,,82781388/407903861,ld+master br,100.0,Mon 8/2/21,2021,1
Keith & Bev,U6/42 Long Island Rd,Murray Bridge,5254,85325503,2Br,100.0,Thurs 14/4/22,2022,1
Mr Yates,U189/18 Montpellier tce,Pt Elliott,5212,85543847/413246173,3r+rug,100.0,Mon 12/7/21,2021,1
Mrs Davies,U19/21 Adelaide Rd,Mccracken,5211,85524511,LB,100.0,Fri 5/2/21,2021,1
Mrs Mary Adams,U25/33 Golden Gr Rd,Ridgehaven,5161,83964014,2bld,100.0,Wed 17/3/21,2021,1
Mrs Thompson,U5/6 North St,Henley Beach,5022,83568103,3bL,100.0,Wed  13/1/21,2021,1
Susan Leonard,7 Burke St,Victor,5211,85527147/0415822762,2br+rug,100.0,Mon 29/6/2021,2021,1
Tony/Kay,20 Sixth St,Quorn,,429486172,3br,100.0,Thurs 10/6/21,2021,1
Amy,6 Cunningham St,Crystal Brook,5523,None,3r,99.0,5/9/23 voicemail,2023,1
Colin & Lymetter Gameau,U40/Belpeno Crt,Paradise,,448865528,,99.0,Tues 14/3/23,2023,1
Ian Watson,U2/33 Raymond Ave,Seaton,,84456726,,99.0,Fri 15/7/22,2022,1
Jade Mel Boyd,8 Elgin Ave,Warradale,,428191938,3 r,99.0,Thurs 25/11/21 ,2021,1
Janet Hillier-chq,U118/35 Coleman Pde,Evanston Park,5116,David,3 areas ,99.0,Mon 19/7/21,2023,1
Jenny Humphries,U58/1 Wilmett St,Goolwa,,407725739,LB,99.0,Fri 12/11/21,2021,1
Kenji,24A Ryan Ave,Firle,,449182722,L+B,99.0,Wed 29/9/21,2021,1
Mrs Freda Smith,U4/59 Gawler St,Pt Noarlunga,,83843310,lmatb,99.0,Mon 15/11/21,2021,1
Mrs Heather Stacey,14 Maitland Rd,Ardrossan,,88374347,1r,99.0,Thurs 21/4/22,2022,1
Paul Stockle,33 Reservoir Rd,Paradise,,400614991,2 b,99.0,Mon 3/7/23,2023,1
Sybil Mcculloch,15 Bowan St,Crystal Brook,,None,1bL+runner,99.0,5/9/23 disconnected,2023,1
Wed 25/11/15,call Aug 17,28/8/21 voicemail,Nangkita,85569056,,99.0,4/9/21 voicemail,2022,1
Wendy,29 Allan St,Crystal Brook,,None,L+go over rugs,99.0,"5/9/23 voicemail,4/7/20 voicemail",2023,1
5066,U10/5A Short Crs,,Beaumont,None,David,90.0,3/7/21 call Sept 21,2022,1
Lorraines son,25 Passat St,Pt Victoria,,None,Lounge room,90.0,Thurs 18/3/21,2021,1
Mrs Mary Murphy,U3/1A Lynn St,Aberfoyle Pk,,82701115,2 recliners fabric,90.0,Tues 24/1/23,2023,1
Mrs Murphy,U3/1A Lynn St,Aberfoyle Pk,,82701115,2 recliners fabric,90.0,Tues 24/1/23,2025,1
2015-02-03 00:00:00,,15 Olivebank Cres,Encounter Bay,None,,89.0,85521840,2022,1
Barry Lee,26A Emery Rd,Campbelltown,,409855898,4 rugs,89.0,Wed 13/10/21,2021,1
Brian,11 Chapel Rd,Para Vista,,437050231,,89.0,Wed 22/12/21,2021,1
Sue Ellis-EFT,9 Santana Crt,Aberfoyle Pk,,427162009,L3b,89.0,Mon 16/8/21,2021,1
Aron Eltahir,12 Audley Ave,Prospect,,499007937,1 Rug,80.0,Thurs 8/7/21,2021,1
Frank,8 Torrens Ave,Felixstow,,83375239,1 large rug,80.0,Fri 25/10/24,2024,1
Madi Logan,9B Walsh Ave,Strathalbyn,,435115956,1 Br,80.0,Mon 28/6/21,2021,1
Pat Dehrins,U157/20 Smith Rd,Salisbury East,5159,81822857,2 arm chairs,80.0,Tues 10/5/22,2022,1
Roland/Bev Schiltz,U16/5 Moore St,Pasadena,,409764338,1b,80.0,Thurs 25/3/21,2021,1
Rowdy Baker,7B Gough St,Kingston,,419838411,,80.0,Fri 6/8/21,2021,1
Anna,13 Glen St,Crafers West,,403861140,2 rugs,79.0,Mon 22/11/21,2021,1
Chrissy Phillips,U407/1075 G J Rd gate 2,Hope Valley,,411201138,1 R,70.0,Fri  9/7/21,2021,1
Greg Di,U44/3 Belperio Court,Paradise/Thorndon Pk,,None,1 rug,70.0,Mon 3/04/2023,2023,1
Tony Mercorella,37 Knightsbridge Rd,Leabrook,,417862469,1 rug,70.0,Mon 13/2/23,2023,1
Bill Versailles,5 Stokes St,Kidman Pk,,None,,60.0,Mon 11/1/21,2021,1
Jeremy Matto,1 Edmund Ave,Unley,,405823344,1 leather chair,60.0,Wed 30/3/22,2022,1
June Harper,U52/9 Happy Valley Dr,Happy Valley,Sue Harper daughter,422321715,1 Lounge chair,60.0,Thurs 2/9/21,2021,1
Mary Stevens,37 Frederick St,Clarence Park,,402585116/83513606,1 shaggy pile 3x2 meters,60.0,Mon 4/7/22,2022,1
Anthony,19 Rostrevor Ave,Rostrevor,,411881707,6 seater leather,50.0,Tues 24/8/21,2021,1
David Moreton,17 Cuthero Tce,Magill,,418904899,4 rugs($99)+1 rug($30),50.0,Tues 11/1/22,2022,1
Debra,16 Hampton Rd,Largs Bay,,None,,0.0,Wed 12/3/25,2025,1
11.30-12pm,Kay Hipages,29 Vincent St ,Christies Beach,None,,,Call in 6 months,2022,1
11.45am-12.30pm,Kay,12 Cockshell Dve,,None,,,"5/2/22 don’t need take them off,15/1/22 call mid Feb 22,27/11/21 call end Jan 22,16/6/21 call befire xmas,14/8/20 call before xmas,13/6/20 call Sept 20,call Dec 19,Bked 23/3/19",2022,1
11am,Suki,1 Greenwood Dve,,439032664,,,"15/10/22 don’t need them done take them off,18/6/22 call Sept 22,4/9/21 call June 22,26/6/21 has junk everywhere call Sept 21,1/8/20 call in 3 - 4 months moved to number 5, Bked 26/3/19",2022,1
12.30pm,David,U4/19 Ashbourne Rd,Strathalbyn,None,ld 5/3/18,,"20/11/21 voicemail,26/6/21 call end of the year,25/3/21 na,30/6/20 call Dec 20,15/2/20 call in a few months",2022,1
"14/1/21 call in June 21,Bked 19/3/20",,9 Park Tce,,Carol,9 Park Tce,,"4/3/22 will call us,25/9/21 been away for 5 months call early nect year maybe",2023,1
2.30pm,Kay,15 Chester St,Henley Beach,5022,EFT- paid,,"28/11/20 don’t need call Dec 21,14/9/20 call early Nov 20,Bked 19/10/19",2023,1
3pm,David,25 Short Tce,Balaklava,None,New,,,2022,1
411019879,3 br+family r $149 if xtra stains or rooms larger charge xtra,,,None,,,Deirdre Edwards,2022,1
9.30-10am,Kay,25 Short Tce,Balaklava,chq,New,,,2022,1
Angela,U15/388 Henley Beach Rd,Lockleys,,458828111,5 seater,,Mon 11/10/21,2021,1
Brian Wilson,U48/181 Fenchchurch St,,,85553485,,,"13/8/22 voicemail,27/11/21 voicemail,8/11/21 voicemail,6/11/21 voicemail,8/10/21 na,28/8/21 na,3/7/21 na,24/4/21 na,bked for lounge suite for 17/6/19",2022,1
Carl Smith,3 Wasley St ,Elizabeth Downs,,82549484,2r+H+rug,,Fri 26/11/21,2021,1
Catherine Battersby,Wilmington Oval Complex,,428675076,None,,,Fri 23/5/25,2025,1
Cheryl,207 Warnertown Rd,Port Pirie,,None,,,Thurs 22/4/21,2021,1
David Loveland,U1/27 Epstien Dr,Morphetvalle,,484098409,1 ru,,Tues 23/11/21,2021,1
David crotty,113/3 Cashel St,Pasadena,,81795713,,,,2021,1
Denise,1087 Forest Rd,,David,None,5481,,,2023,1
Denise Kretschmer,1087 Forest Rd,Wirrabra,,None,,,,2023,1
Di Watson,2044 Inman valley Rd,Inman Valley,175,85588274/408899578,2 lounge chairs+ 3 seaters white+ blue,,Fri 12/3/21,2021,1
Elizabeth,U1/5 Brooking St,Goolwa,,85551165,99,,Fri 4/2/22,2022,1
Ernse Bais,3 Chapel St,Strathalbyn,,412604309,3R+runner+rug,,Thurs 22/2/24,2024,1
Eva Jarveslski,25 Gully Rd,Seacliff Pk,,83582356/434071325,,,Thurs 2/6/22,2022,1
Evie Louisee,19 Kelly St,Balaklava,,474859628,3br+l,,Fri 14/5/21,2021,1
Father,247 Cottrell Rd,Pekina,,86581336,LH1runner2x2fabric,,Thurs 15/4/21,2021,1
Flu vac Suki 2.15pm,,,,None,,,Wed 25/5/22,2022,1
Fri 20/3/20,,U25/33 Golden Gr Rd,,None,,,83964014,2022,1
Fri 22/4/16,,"don’t need call Dec 21,booked for 7/7/17,sms sent 7/6/17,31/3 na",Henley Beach,Maree Lovell,15 Chester St,,,2023,1
Fri 5/4/19,David,U212/18 Mccharg Rd,,None,ld 30/8/18,,Mr Orr,2022,1
Fri 7/7/17,,Done Nov 18,Henley Beach,Maree Lovell,15 Chester St,,,2023,1
Fri 7/9/18,Suki,26/6/21 voicemail,Nangkita,85569056,5210,,4/9/21 voicemail,2022,1
Fri 8/2/19,David,44 Marchant Rd,Strathalbyn,None,new,,"26/6/21 call Dec 21,23/6/21 only call at mid day as he sleeps",2022,1
Hazel,U220/1 Maude St,Victor Harbor,,402215854,LB(99)+rug(30)+runner(25),,Tues 29/6/21,2021,1
Helen Hayman,113/3 Cashel St,Pasadena,,81795713/418730608,,,Tues 1/6/21,2021,1
His friend,,Pekina,,None,,,Wed 31/5/23,2023,1
Ian Thorpe,18235 Princess Highway,Kingston,,429672982,,,Fri 4/10/24,2024,1
Jade,1255 Kangaroo Flat Rd Yorktown,Yorktown,Near Hardwick Bat,418664098,,,Thurs 13/5/21,2021,1
Jess Taylor,4/46 Gilbert St,Lyndoch,5351,431317085,3R,,Tues 2/2/21,2021,1
Julie Chapman call next time there,15 Queen St,Peterborough,,458539730,3r,,Fri 19/2/21,2021,1
Julie Son,,Peterborough,,None,,,Fri 11/6/21,2021,1
Liz Spykstra,U42/35 Coleman Parade,Evanston Park,,85237442/407781753,1 nhalf  br+2 rugs,,Thurs 27/10/22,2022,1
Lorraine Gigney,,Wirrabra,19 High St,None,,,,2023,1
Marion,U60/670 Grand Bld Rd,,Seaford,None,,,"20/8/22 don’t need niw call next time there,12/3/22 all ok for now hubby picked up,3/12/21 call in Mar 22 too much going on now,14/8/21 call in 3 months Nov 21,12/6/21 call in 3 months",2023,1
Maureen,25 Etona Crt,Milang,,428880604,,,Mon 27/10/25,2025,1
Mick & Maureen Harvey,62/James Place,Moonta,,88252620/406672254,,,Wed 5/5/21,2021,1
Mon 21/10/19,,"14/9/20 call early Nov 20,Bked 19/10/19",Henley Beach,Maree Lovell,15 Chester St,,,2023,1
Monica,12 Melrose St,Maitland,,458188373,,,Fri 16/12/22,2022,1
Mr Brian Wilson,U48/181 Fencchurch St,,,85553485,ld 5/11/18,,"20/9/22 disvconnected, 13/8/22 vocemail,21/5/22 voicemail,5/3/22 voicemail,3/3/22 voicemail.27/11/21 voicemail,8/11/21 voicemail,6/11/21 voicemail,8/10/21 na,28/8/21 na,3/7/21 na,24/4/21 na,bked for lounge suite for 17/6/19",2022,1
Mr Peter Wynen,U150/Cashel St,Pasadena,,81795750,,,Wed 15/06/2022,2022,1
Mrs Betty Holden,24 Cambridge St,Moonta Bay,195,88253042,2 seater+1 recliner 2r,,Fri 3/12/21,2021,1
Mrs Chrissy Bing,U1/42 Newland St,V/Harbour,,419817856,ld 20/12/18,,"13/11/21 voicemail,6/11/21 voicemail,28/8/21 call  in 2 months Oct 21,23/6/21  no not sure whats happening,23/10/20 call Feb 21 she is hoping landlord will put in new carpets",2023,1
Mrs Fairlie,21 Margaret St,Kidman Pk,,83532003,LP+3b walkway,,Mon 13/12/21,2021,1
Mrs Morely,,Wirrabara,,None,10am,,Fri 25/11/2016,2023,1
Mrs Rhonda Mcmurtrie,16 Hampton Cr,Largs Bay,95,84497500,1bLD+P,,Thurs 12/8/21,2021,1
Mrs Robinson,15 Angas Tce,Wilmington,,None,LPD,,,2023,1
Natasha Tolino,12 South St,Port Wakefield,2 lounge rooms and 5 bedroomssingle storey house quoted the lot in April sent quite for $258 as specials see if we go in May call her,403713680,,,Wed 5/5/21,2021,1
Nick Cawood Suki Pool leak man,51 Willcock Ave,Seaton,,484820162,3R,,Mon 11/10/21,2021,1
No Work,,,,None,,,Wed 17/2/21,2021,1
No work,,,,None,,,Tues 9/2/21,2021,1
Paul & Judy Clayton,21 Pope Crs,Hope Valley,5088,433612246,LP+2Br,,Thurs 8/12/22,2022,1
Pauline Ray Rundle,U11/7 James Pl,Moonta,,None,,,,2023,1
Phillip Keanahan daughter,,,,None,,,,2021,1
Phyllis Robinson,15 Agnes Tce,Wilmington,,86675020/427675021,LDP,,Fri 11/3/22,2022,1
Robert Ahola,,Gawler East,120,428830557,L+2br,,Mon 19/7/21,2021,1
Rose,U51/3 Cashel St,Pasadena,5042,81795651,,,Thurs 7/12/22,2022,1
Rowena Watson,,Morphetvale,,402230521,3 seater+2 recliners $35 each quoted,,Mon 22/11/21,2021,1
Sevan,57 Dalton Ave,Aldgate,,429947471,,,Wed 30/11/22,2022,1
Shirley Conley,U15/1075 G J Rd,Hope Valley,,82651301,1br+L/D room,,Mon 15/3/21,2021,1
Steven & Vivian Barnett,U157/3 Cashel St,Pasadena,5042,81795757,1br+L+H,,Wed 3/5/23,2023,1
Sylvia Aldous new tenant,,,,None,,,,2021,1
Thurs 16/5/19,"15/7/21 voicemail,22/6/21 na,7/1/20 voicemail",15 Fairview Cres,Ridgehaven,90,,,"5/12/22 voicemail,21/1/22 na",2023,1
Thurs 18/2/16,85568633,26/6/21 voicemail,Mt Compass,85568633,45 George Francis Dv,,4/9/21 voicemail,2022,1
Tues 10/12/19,Suki,19 Queen St,,None,,,"27/11/21 call Jan 22,23/10/21 kitchen still being done call in a month maybe,,3/8/21 getting kitchen done call next time there",2022,1
Tues 18/6/19,,26/3/22 NO,,None,17 Adelaide Rd,,Strathalbyn,2022,1
Tues 20/11/18,,"call Oct 19,Bked 13/11/18",Henley Beach,Maree Lovell,15 Chester St,,,2023,1
Tues 24/7/18,,6 Byron Ave,Clovelly Pk,5042,82776352,,,2022,1
Wed 23/10/2019,Kay,U12/2 Old Bull Creek Rd,,5255,ld 10/1/19,,,2022,1
Wed 24/4/19,David,"28/8/21 voicemail,26/6/21 voicemail",Mt Compass,85568633,,,4/9/21 voicemail,2022,1
Wed 30/1/19,David,6 Byron Ave,Clovelly Pk,None,ld 24/7/18,,,2022,1
Wed 5/2/20,83922652,"4/3/21 said done a fortnight ago call her next year,",,June Harper,U52/9 Happy Valley Drve Gate 1,,moved to nursing home,2022,1
