Tier,Status,Client_Name,Phone,Address,Suburb,Postcode,Region,Total_Jobs,Avg_Job_Value,Total_Revenue,Last_Year,Service_Notes
1-PLATINUM,ACTIVE,Julie Hollams,88322698/417859251,38A Belmont Cres,Maitland,EFT Paid,Yorke Peninsula,11,149,1640,2025,3r+2 large rugs
1-PLATINUM,ACTIVE,Mrs Liz Kibbler,88622081,11 Kelly St,Balaklava,5461,Yorke Peninsula,9,107,960,2025,L D Comb
1-PLATINUM,ACTIVE,Belinda Wunder,418859440,625 Clinton Rd,Maitland,5573,Yorke Peninsula,8,374,2989,2025,3br+P+4rugs+2 ottoman
2-GOLD,ACTIVE,Paula Wegener,437235662,1341  Maitland Adrossan Rd,Ardrossan,EFT ,Yorke Peninsula,6,198,1185,2024,LP+2rugs+2 bar stools+bedroom
2-GOLD,ACTIVE,Jamie Francis,429977853,539 Maitland Rd,Maitland,,Yorke Peninsula,6,158,946,2025,5 an half rooms
2-GOLD,ACTIVE,Juliene & James Vandepeer,88373269/438032418,1239 Maitland Rd ,Ardrossan,EFT ,Yorke Peninsula,5,503,2513,2025,3 rooms+L$169 white rug$50Long blue sofa$249
2-GOLD,ACTIVE,Lillian James,88252544,U50/7 James Place,Moonta,,Yorke Peninsula,5,139,695,2024,L+B+1br+P
2-GOLD,ACTIVE,Vicky Johnson,new phone475063717,11 Roberts Ave,Balaklava,,Yorke Peninsula,5,131,655,2025,3r+x room
2-GOLD,ACTIVE,Margaret Johnson,400207134,13 Roberts Ave,Balaklava,,Yorke Peninsula,5,122,608,2025,2r
3-SILVER,ACTIVE,Mrs Kevyna Gardner,88621760/0438621761,9 Virgo Tce,Balaklava,EFT-Paid 21/7/20,Yorke Peninsula,4,185,740,2025,2 large rugs lounge+3 smaller rugs in bedroom +runner
3-SILVER,ACTIVE,Anthea,427161921,30 Shannon Tce,Maitland,,Yorke Peninsula,4,162,650,2024,2b+study+L+1 runner+3mats
3-SILVER,ACTIVE,Ron & Pam Shipard,88252715/428849907,U34/7 James Pl,Moonta,,Yorke Peninsula,4,150,599,2025,LoungeDining
3-SILVER,ACTIVE,Barry Bruce,88211142,16 Waring St,Kadina,5554,Yorke Peninsula,4,135,539,2024,2BR+office + P
3-SILVER,ACTIVE,Meriel Lane,428499856,19 Humphries St,Balaklava,,Yorke Peninsula,4,130,518,2025,1 rug
3-SILVER,ACTIVE,Jill Dickson,417860976,12 Roberts ,Balaklava,,Yorke Peninsula,3,173,518,2025,walk are+l + little bit hallway
3-SILVER,ACTIVE,Annette Burgan,88213525/407970724,27 Wearn Cres,Kadina,5554,Yorke Peninsula,3,146,437,2024,LDTiny P+1B+LD
3-SILVER,ACTIVE,Marion Gates,88251955,U10/7 James Place,Moonta,110,Yorke Peninsula,3,106,319,2025,3 rugs
4-REPEAT,ACTIVE,Robert Wade,419030573,U55/7 James Pl,Moonta,,Yorke Peninsula,2,284,568,2024,2 seater+2br
4-REPEAT,ACTIVE,Mrs Lori Eckert,428253637,U17/ 7 James Pl,Moonta,,Yorke Peninsula,2,184,368,2024,LD+2bs
4-REPEAT,ACTIVE,Zac Bruce,484329495,22A Moonta Road,Moonta,,Yorke Peninsula,2,154,309,2025,3r+2 mats
4-REPEAT,ACTIVE,Vony,88213980/427213980,42 Lipson Ave,Kadina,,Yorke Peninsula,2,109,218,2025,LP scotch
5-SINGLE,ACTIVE,Helen Phillips,417088378,U26/ 7 James Pl,Moonta,,Yorke Peninsula,1,325,325,2024,2nhalf fabric+2b+2large rugs+2sm mats
5-SINGLE,ACTIVE,Monica & John Turner,458188373,12 Melrose St,Maitland,,Yorke Peninsula,1,250,250,2024,Large living are+2 leather recliners
5-SINGLE,ACTIVE,Marrawyn Hearnden,409397123,1 Ralli-Werocta Rd,Balaklava,,Yorke Peninsula,1,160,160,2024,2R$139 stains extra
