Tier,Status,Client_Name,Phone,Address,Suburb,Postcode,Region,Total_Jobs,Avg_Job_Value,Total_Revenue,Last_Year,Service_Notes
1-PLATINUM,ACTIVE,Johan,407351004,31 Highway Drive,Morphetvale,,Metro Adelaide,16,125,1997,2024,2br+off+L+H
1-PLATINUM,ACTIVE,Ellen Weinert,412743569,U4/20A Cudmore Tce,Henley Beach,,Metro Adelaide,15,145,2177,2025,BP+D
1-PLATINUM,ACTIVE,Arthur Diamond,83565806/401438002,94 Henley Beach Rd,Mile End,5023,Metro Adelaide,10,234,2343,2025,289
1-PLATINUM,ACTIVE,Mrs Ann Solomon,81795654/411094655,U54/3 Cashel St,Pasadena,431421894,Metro Adelaide,10,173,1734,2025,D+L+2b+study
1-PLATINUM,ACTIVE,Anna Green,400989665/,36 Tucker Cres,North Haven,D+L+P - cats throw up,Metro Adelaide,10,149,1486,2024,2b +LD+P
1-PLATINUM,ACTIVE,Mrs Smith,82635512,6 Teak Ave,St Agnes,5097,Metro Adelaide,9,122,1095,2025,LHDBR
1-PLATINUM,ACTIVE,Margaret Kelly,85237441,U41/35 Coleman Pde,Evanston Pk,5116,Metro Adelaide,8,138,1105,2025,2bLD+P
1-PLATINUM,ACTIVE,Maria,438031989,143 Lyons Rd,Dernancourt,5075,Metro Adelaide,8,135,1078,2024,2 seater+LHB
1-PLATINUM,ACTIVE,Carol Brown,82980670/455577782,U70/28c King George Ave,Hove,,Metro Adelaide,8,133,1061,2024,LDB
1-PLATINUM,ACTIVE,Mrs Helen Baker,83423454/407830640,22 Munroe Ave,Sefton Park,5083,Metro Adelaide,8,122,980,2025,LP+1b
1-PLATINUM,ACTIVE,Margaret & Dennis,417870943,U11/1A Lynn St,Aberfoyle Pk,5159,Metro Adelaide,8,122,977,2025,2b+H+LD
2-GOLD,ACTIVE,Kathryn Crouch,86366223/417817624,187 RiverGlen Rd,Crystal Brook/Merriton,Kingstown,Metro Adelaide,7,297,2082,2025,2R+LD+Back Room + Rug
2-GOLD,ACTIVE,Mr Ian Fraser,82618676,10 Cameron Rd,Klemzig,5087,Metro Adelaide,7,269,1885,2024,2 medium rugs+2runnersb+office
2-GOLD,ACTIVE,Judy Wells,81861296/411502218,131 Murray Rd,Port Noarlunga,5168,Metro Adelaide,7,195,1365,2025,all carpets+L+TVR+D+H+bed
2-GOLD,ACTIVE,Mary Smith,409875406,1B Tarcoola Ave,Brighton,Suki,Metro Adelaide,7,181,1266,2025,LD+3Br+Rug
2-GOLD,ACTIVE,Mrs Rosemary Butler,82782773,5 Trevilyan Crt,Coromandel Valley,,Metro Adelaide,7,137,958,2025,FHB+scotch
2-GOLD,ACTIVE,Sue Mitchell,82776370/417889973/458544125,U7/37 Whyte St,Somerton Pk,EFT paid,Metro Adelaide,7,135,946,2025,3r
2-GOLD,ACTIVE,Ern/Pat Kelly,83828131,27 Esplanade St Centre Dover Pl,Christies Beach,5164,Metro Adelaide,6,312,1870,2025,14 steps+ landing
2-GOLD,ACTIVE,Mrs Jane Lowry/Malcolm,85521967/409521967,106 Wattle Dve,Victor,5211,Metro Adelaide,6,174,1046,2024,2B+study+P+halway+2 recliners
2-GOLD,ACTIVE,Helen Blake,82787264/499888746,U17/71 Glouchester Ave,Belair,,Metro Adelaide,6,154,927,2025,LD2b
2-GOLD,ACTIVE,Leoni Dohnt,439465520/86363124,2 Ferguson St,Crystal Brook,,Metro Adelaide,6,152,915,2024,LH+1 recliner
2-GOLD,ACTIVE,Mary Roesler,85237494,U94/35 Coleman Pd,Evanston Park,,Metro Adelaide,6,136,815,2025,1b+P+L
2-GOLD,ACTIVE,Max Jones,83681840,U179/ Homestead Ave,Walkleys Hgts,shd be $1290,Metro Adelaide,6,134,805,2024,LD+2Br+P
2-GOLD,ACTIVE,Theresa Slee,85541809,U107/18 Montpellier Tce,Pt Elliott,,Metro Adelaide,6,131,787,2025,3B+H
2-GOLD,ACTIVE,Mr Clayburn,85237418,U18/35 Coleman Pde,Evanston Gdns,5116,Metro Adelaide,6,119,714,2025,LDH
2-GOLD,ACTIVE,Mrs Mary Lovegrove,82636437,U24/1215 G J Rd,Hope Valley,,Metro Adelaide,6,111,668,2025,3r
2-GOLD,ACTIVE,Ann Mathews,85237443/400610117,U43/35 Coleman Pde,Evanston Park,400610117,Metro Adelaide,6,111,665,2025,L+2br walkways
2-GOLD,ACTIVE,Annette Gilson,419810535,33/7 Liberman Close,Adelaide,5051,Metro Adelaide,5,352,1762,2025,3bH/stairs+lounge downstairs
2-GOLD,ACTIVE,Trevor,84494259/428815909,17 Clair St,Largs Bay,,Metro Adelaide,5,340,1698,2025,4bLD+L downstairs+34 steps
2-GOLD,ACTIVE,Jenny Corkhill,82689789/422187907,86 Pulsford Rd,Prospect,345,Metro Adelaide,5,311,1555,2025,1r$119sm rug$25 medium rug$50
2-GOLD,ACTIVE,June Turner,84458030/437888138,72 Trimmer Pde,Seaton,5023,Metro Adelaide,5,309,1547,2025,2r$120+3seater$140
2-GOLD,ACTIVE,Colleen,82769762,3 Clifford St,Ascot Pk,5043,Metro Adelaide,5,272,1360,2024,L2b+2x2 fabric
2-GOLD,ACTIVE,C Carter,82625415,58 Fairview Tce ,Clearview,,Metro Adelaide,5,221,1107,2025,3 chairs scotch+all carpets
2-GOLD,ACTIVE,John Williams/Brenda,83518110/409005805,388 Henley Beach Rd,Lockleys,220,Metro Adelaide,5,205,1027,2024,3x2 leather brown
2-GOLD,ACTIVE,Kevin & Sharyn Smith,447781812,47 Mitchell St East,Seaton,EFT paid,Metro Adelaide,5,199,996,2025,3R+ 2seater+ rug
2-GOLD,ACTIVE,Tony & Janne Nelson,85543626/408976670,U162/18 Montpellier Tce,Pt Elliott,5212,Metro Adelaide,5,198,990,2025,3br+1 xtra large rug+1 runner+2 mediuam rugs+1 sma round mat
2-GOLD,ACTIVE,Leela Goodman,83691002/0427052675,42 Thornton Dve,Greenwith,EFT Paid,Metro Adelaide,5,190,949,2025,3b+L+off
2-GOLD,ACTIVE,John & Marion Balestrin,86363058,5 Ferguson St,Crystal Brook,159,Metro Adelaide,5,175,875,2025,LD1+xtra B
2-GOLD,ACTIVE,Mrs Jones,82982975,9B Farquhar St,Oaklands Pk,5214,Metro Adelaide,5,170,850,2024,1 r
2-GOLD,ACTIVE,Peter Wilson,86366252/418366252,7 Ferguson,Crystal Brook,,Metro Adelaide,5,165,827,2025,Lounge 
2-GOLD,ACTIVE,David Smoker,85542174/417465989,U119/18 Montpellier Tce,Pt Elliott,5212,Metro Adelaide,5,165,826,2025,3B+study + 2 rugs
2-GOLD,ACTIVE,Jill Kerr,414914386,272A Lower Athelstone Road,Athelstone,5076,Metro Adelaide,5,163,815,2025,4br+P
2-GOLD,ACTIVE,Jan White,434815957,11 Tuscany Way,Woodcroft,5162,Metro Adelaide,5,160,800,2024,LDP+2b
2-GOLD,ACTIVE,Mrs Nettle,86632387/409907748/428632387,28 Dolphin Rd,Fishermans Bay,5480,Metro Adelaide,5,157,785,2024,LD(Rugs over)+B+K+P
2-GOLD,ACTIVE,Esther & Phillip Smith,402096794,14 Eagle Hawk Rd,Modbury,,Metro Adelaide,5,152,759,2025,LD+br walkways only
2-GOLD,ACTIVE,Wendy Turbul / Mrs West,438823568,12 Ayr Court ,Semaphore Pk,Leather Lounge,Metro Adelaide,5,147,736,2024,3r+1 rug 
2-GOLD,ACTIVE,Carmel Schofield,83513843,15A Allchurch Ave,North Plympton,,Metro Adelaide,5,143,715,2025,3br+rug+6 dining chairs
2-GOLD,ACTIVE,Alison Jefferies,408547109,U103/18 Cross Rd,Myrtle Bank,,Metro Adelaide,5,141,707,2024,LBH
2-GOLD,ACTIVE,Susan Pavia,421918055,U68/28c King George St,Hove,R/C,Metro Adelaide,5,137,686,2025,4r
2-GOLD,ACTIVE,Wendy Gardener,81795606,U6/3 Cashel St,Pasadena,5042,Metro Adelaide,5,131,655,2024,DLH+sm mat
2-GOLD,ACTIVE,Helvi,83922749,U149/9 Happy Valley Dve,Happy Valley,,Metro Adelaide,5,130,648,2025,3r
2-GOLD,ACTIVE,Pam Fletcher,83226817,U/86 50 Woodcroft Dve M/Vale,Morphetvale,,Metro Adelaide,5,130,648,2024,PLDB
2-GOLD,ACTIVE,Richard Hatcher,85223539/408085739,U255/36 Hillier Road,Hillier,5116,Metro Adelaide,5,126,628,2025,L+2R
2-GOLD,ACTIVE,Maureen& Ray Krause,82777084,120/7 Sommer Pl,Pasadena,,Metro Adelaide,5,121,606,2025,LDH
2-GOLD,ACTIVE,Ann Steward,423529773,U1/10 Don Ave,Seacliff Park,5049,Metro Adelaide,5,113,565,2025,L2r+P
2-GOLD,ACTIVE,Beth Marsh,81795615,15/3 Cashel St,Pasadena,5042,Metro Adelaide,5,112,559,2025,dbl
2-GOLD,ACTIVE,Sandy,427336492,2542 Bull Creek Rd,Tooperang,5210,Metro Adelaide,5,112,559,2024,L+back roo+2 rugs
2-GOLD,ACTIVE,Jim Schroeder,83871197,U106/50 Woodcroft Dve,Morphettvale,5162,Metro Adelaide,5,109,547,2025,1b2little r+sitting r
2-GOLD,ACTIVE,Mr Rasmas,412870794,15 Mullins St,Pasadena,,Metro Adelaide,5,106,530,2025,B+H+L
2-GOLD,ACTIVE,Mrs Val Moody,82774080,17 Seymour Tce,Ascot Park,,Metro Adelaide,5,106,529,2025,LDP
3-SILVER,ACTIVE,Joanne Linke,407727725,253 Wells Rd,Tiddy Widdy Beach,,Metro Adelaide,4,690,2761,2024,3seater+3seater+ottoman$265 4rooms$129+2 rugs$60
3-SILVER,ACTIVE,Mrs Tilly  Darley,84311222/0411770664,109 Grant Ave,Toorak Gdns,5065,Metro Adelaide,4,404,1616,2024,l+1rug+2runners+1 sm rug $100+17steps$59.50+3 seater suede $105 +1 chair $20+ 2 more rugs $20
3-SILVER,ACTIVE,Mr Adrian Lange,83395981/488178552,31 Ludgate Hill Rd ,Aldgate,5154,Metro Adelaide,4,368,1473,2025,3R+4 n half seater
3-SILVER,ACTIVE,Julie Taylor,431297053,69 The Oaks Parade,Aberfoyle Pk,,Metro Adelaide,4,334,1338,2025,"10 steps , Large Loune+office+br"
3-SILVER,ACTIVE,Naomi Fewings,82425368/400121071,247 Lady Gourie Dve,Largs North,5016,Metro Adelaide,4,287,1148,2024,3brh+hall rinner+2 rugs+ cloth bed head
3-SILVER,ACTIVE,Sue Rodgers,417873788,9 Ashby Ave,Blackwood,suerodgers67@gmail.com,Metro Adelaide,4,257,1027,2025,piano r+L+1 br
3-SILVER,ACTIVE,Fay Yates,81795614,U14/3 Cashel St,Pasadena,5042,Metro Adelaide,4,246,986,2024,3 recliners$150LDB$1592recliners$802b+off+L$139+rug$25
3-SILVER,ACTIVE,Janet Welch,84497361,U10/29 Delfin Dve,Delfin Island,West Lakes,Metro Adelaide,4,230,918,2025,2 lounge chairs+LP+2b
3-SILVER,ACTIVE,Margaret Scrimshore,488140200,U4/14 Victoria St,Payneham,,Metro Adelaide,4,221,885,2025,LP+2b
3-SILVER,ACTIVE,Tracy Innes,412924804,4 Maynard Crs,Parafield Gdns,,Metro Adelaide,4,213,852,2024,3 sm r+r+2sm runners +sm mat
3-SILVER,ACTIVE,Jan Carpenter,404933868,Unit3/14 Victoria St,Payneham,,Metro Adelaide,4,197,788,2025,3r+P
3-SILVER,ACTIVE,Deidre Norman,82763486/0434344767,U4/14 Ormond Ave Daw Pk,Daw Pk,5041,Metro Adelaide,4,192,768,2025,2 setaer+rug+B
3-SILVER,ACTIVE,Chris Collier,415200351,U31/33 Golden Grove Road  ,Ridgehaven,,Metro Adelaide,4,174,698,2024,2 rec;iners
3-SILVER,ACTIVE,Edwina Lee,5161,21 Perth St,Pt Noarlunga South,5161,Metro Adelaide,4,172,688,2025,5r
3-SILVER,ACTIVE,Barbara Boxer,81795633,U33/3 Cashel St,Pasadena,,Metro Adelaide,4,170,679,2025,2br study D+L
3-SILVER,ACTIVE,Mrs Mal & Bev Phillips,83960090/417810655,17 Stephens Dve,Ridgehaven,5097,Metro Adelaide,4,164,657,2025,2brPFLoung room
3-SILVER,ACTIVE,Wendy Gooch,83922759/498650126,U159/9 Happy Valley Dve,Happy Valley,,Metro Adelaide,4,162,650,2025,LB+D+office
3-SILVER,ACTIVE,Pat Baker,411048386,U3/6 North St,Henley Beach,,Metro Adelaide,4,162,649,2025,LD+blood stains
3-SILVER,ACTIVE,Ingrid & Hans Brickell,85552827/0408118224/419217116,U1/24 Gardiner St,U219h,5214,Metro Adelaide,4,157,628,2024,LD
3-SILVER,ACTIVE,Clayton Waterman,429180087/86665203,609 Survey Rd,Melrose,,Metro Adelaide,4,157,627,2024,2br+1 large rug
3-SILVER,ACTIVE,Wendy Blight,408850719,U43/1 Lynn St,Aberfoyke Pk,,Metro Adelaide,4,154,617,2024,2r+sm H+D+L
3-SILVER,ACTIVE,Nanette Hancock,72005419,U153/9 Happy Valley Rd,Happy Valley,,Metro Adelaide,4,152,606,2025,3bL+mat
3-SILVER,ACTIVE,Pam Streames,85237473/407727761,U73/35 Coleman Pde,Evanston Park,,Metro Adelaide,4,150,598,2024,1br+L+H
3-SILVER,ACTIVE,Pam Hill,423005373,40 Park Ave,Semaphore South,,Metro Adelaide,4,144,578,2025,LB
3-SILVER,ACTIVE,Helen  Waterman- Clayton's mum,417665203,21796 Horrocks Highway,Melrose,chq,Metro Adelaide,4,144,577,2025,2br+ 1 stain+ 1 rug
3-SILVER,ACTIVE,Linda Christine Morris,408210950,U27/1A Lyn St,Aberfoyle Pk,5159,Metro Adelaide,4,142,568,2025,P+2br
3-SILVER,ACTIVE,Kevin Scheer,85237509,U109/35 Coleman Pde,Evanston Pk,,Metro Adelaide,4,140,558,2025,LD+P+2b walkways
3-SILVER,ACTIVE,Margaret Ainsworth,85237500,U100/35 Coleman Pde,Evanston Gdns,,Metro Adelaide,4,136,546,2025,L2b+P$129
3-SILVER,ACTIVE,Carol Parker,417824673,U30/30A Norfolk Rd,Marion,,Metro Adelaide,4,134,538,2024,2br+study
3-SILVER,ACTIVE,Mr Ian Jurgs,456390056,U102/3 Cashel St,Pasadena,,Metro Adelaide,4,134,536,2025,L+B
3-SILVER,ACTIVE,Janice Lyons,83922611,U11/9 Happy Valley Dr,Happy Valley,,Metro Adelaide,4,127,509,2024,LDBr
3-SILVER,ACTIVE,Mrs Iva Wakefield,83530234,U41/199 Frederick Rd,Seaton,,Metro Adelaide,4,127,507,2024,LB Blood stains
3-SILVER,ACTIVE,Helen Sarah,437324755,U63/28C King George Ave,Hove,,Metro Adelaide,4,126,504,2025,LS
3-SILVER,ACTIVE,Wendy Grindle,434299818,U18/3 Cashel St,Pasadena,,Metro Adelaide,4,122,487,2025,LB+D+half P
3-SILVER,ACTIVE,Mrs Marlene Cooper,83396895,25 Shannon Crt,Bridgewater,,Metro Adelaide,4,119,476,2025,LD + all entry points
3-SILVER,ACTIVE,Elizabeth Dickson,82986596,8A Branksome Tce,Dover Gdns,5048,Metro Adelaide,4,117,469,2024,study1b+sq
3-SILVER,ACTIVE,Mr Langley,85237545,U145/35 Coleman Pde,Evanston Pk,5116,Metro Adelaide,4,117,469,2025,3r
3-SILVER,ACTIVE,Mrs Kay Thomas,82648590,U117/33 Golden Grove Rd,Ridgehaven,,Metro Adelaide,4,117,467,2024,LD+1rug
3-SILVER,ACTIVE,Mrs Kerry Wood,82787242/408823437,90 Eve Rd,Bellevue Hgts,chq,Metro Adelaide,4,114,456,2024,Off +H+B
3-SILVER,ACTIVE,Mr Rick Yates,85543847/413246173,U189/18 Montpellier tce,Pt Elliott,,Metro Adelaide,4,112,449,2025,3r+rug
3-SILVER,ACTIVE,Helen Hewett,412187435,8 Eyre Cres,Valley View,,Metro Adelaide,4,112,447,2024,Lrumpus+H
3-SILVER,ACTIVE,Jan Wass,414946883,Villa 9 /71 Gloucester Ave,Belair,,Metro Adelaide,4,112,447,2025,ld+2 small br
3-SILVER,ACTIVE,Mrs Carmel Scott,409768268,13 Canis St,Hope Valley,ld 18/7/19,Metro Adelaide,4,108,430,2025,LH+2mats
3-SILVER,ACTIVE,Mrs Meriel Clark,82696421,30 Hampstead Rd,Broadview,5083,Metro Adelaide,4,108,430,2025,1rug+2runners
3-SILVER,ACTIVE,Rachael Cummingham,82781709/438278170,17 gothic rd ,Belleview Hgts,,Metro Adelaide,4,107,428,2024,2R
3-SILVER,ACTIVE,Mrs Hawes,83922819,U219/Glenoth Dve,Happy Valley,,Metro Adelaide,4,107,427,2024,2brug
3-SILVER,ACTIVE,Mr Malcolm & Mrs Thomas,upstairs-LB+sm H+downstairs Rug+LB+Landing+14steps,30 Anthony St,Henley Beach,83535886,Metro Adelaide,3,336,1007,2025,
3-SILVER,ACTIVE,Martin & Leonie Lloyd Smith,86366238/437166270,12 Old School Rd,Merriton,,Metro Adelaide,3,323,969,2024,2T+P
3-SILVER,ACTIVE,Jill Linke,409373289,34 Blackpoint Dve,Blackpoint,,Metro Adelaide,3,306,919,2024,large 2 seater+B+1rugs
3-SILVER,ACTIVE,Pat Beggs,407884451,U157/9 Happy Valley Dr,Happy Valley,219,Metro Adelaide,3,296,888,2024,1 large 2 seater@$40 ea+2 recliners@$40 ea+4 brown cubes+1 green cube@$30+ carpets?
3-SILVER,ACTIVE,Julian & Mince Hill,418926735,13 Tomkinson Rd,Semaphore Pk,,Metro Adelaide,3,269,807,2025,
3-SILVER,ACTIVE,Lynn James,437996671,17 Lockaba Drive,Willyaroo,,Metro Adelaide,3,260,780,2025,5R+H
3-SILVER,ACTIVE,Arrinne Wynen,437763339,U150/3 Cashel St,Pasadena,,Metro Adelaide,3,247,740,2025,3r+xtra area in Lounge
3-SILVER,ACTIVE,Patricia Lorybottom,448681862,119 Seaview Rd,Yatala Vale,,Metro Adelaide,3,235,704,2024,3 seater+single$179 2 chairs $60
3-SILVER,ACTIVE,Helen/Grant,412848213,14 Rachata Rd,Highbury,,Metro Adelaide,3,203,608,2024,Up 3b+H+Ldown master B
3-SILVER,ACTIVE,Theresa,82982836/420419650,1A Rugby St,Dover Gdns,,Metro Adelaide,3,202,607,2024,Dover Gdns
3-SILVER,ACTIVE,Sharon/ Simshar S Young,83887152/405370301,7 Ambulance Rd,Verdun,5245,Metro Adelaide,3,196,588,2024,Lbaby R +office+hall
3-SILVER,ACTIVE,Kate,434846909,74 Martin Rd,Inman Valley,5211,Metro Adelaide,3,192,577,2024,3r+study+l+2 large rugs+2 sm mats
3-SILVER,ACTIVE,Mrs Rosemary Dunn/Gavin,85285284/85288330,73/75 Gilbert St,Tarlee,,Metro Adelaide,3,191,574,2024,LBP+office +H
3-SILVER,ACTIVE,Barbara Thompson,82969587,1 Gregory St,Seaview Downs,5049,Metro Adelaide,3,189,567,2024,BHL$1292 leather recliners$80
3-SILVER,ACTIVE,Harry/Lorris Knowles,432203499,U15/1A Lynn St,Aberfoyle Pk,,Metro Adelaide,3,186,558,2025,2 reclibners+carpets
3-SILVER,ACTIVE,Sunny,405744287,29 Cascades Dr,Mawson Lakes,189,Metro Adelaide,3,186,558,2024,Upstairs $149 stairs 15x5 $75
3-SILVER,ACTIVE,Chris Mernel,434612552,4 Lassie Ave,Windsor Gdns,,Metro Adelaide,3,186,557,2024,LDMat$129 counch $100
3-SILVER,ACTIVE,Ann Evans,83560480,21 Stokes Cres,Kidman Pk,,Metro Adelaide,3,183,548,2025,3b walkway LD
3-SILVER,ACTIVE,Dafna Mathews,452531988,21 Princess Ave,Greenacres,Katelina lived with Dafna,Metro Adelaide,3,169,507,2024,
3-SILVER,ACTIVE,Lisa Helen Whittingha,432774642,17 Mayford Ave,Hope Valley,Suki-EFT-Paid,Metro Adelaide,3,166,498,2025,L+3br
3-SILVER,ACTIVE,Mrs Janice Benton,81795626,U26/3 Cashel St,Pasadena,5042,Metro Adelaide,3,163,489,2024,LB+5rugs
3-SILVER,ACTIVE,Muriel Bloomfield,459689654,U2/48 Margate St,Brighton,,Metro Adelaide,3,160,480,2025,
3-SILVER,ACTIVE,Trevor Bartlett,433962250,197 Glenloth St,Happy Valley,EFT - Paid 6/3/21,Metro Adelaide,3,159,477,2025,HDS
3-SILVER,ACTIVE,June Hill,410339755,1 Jenny Pl,Grange,,Metro Adelaide,3,156,469,2025,FH+1br
3-SILVER,ACTIVE,Paul Weinert,428198708,6 Newcombe Rd,Westlakes Shore,,Metro Adelaide,3,153,458,2025,2 mats 1 br
3-SILVER,ACTIVE,Steve Arnold,408853575,4 Sovereign St,Hallet Cove,Wed 4/2/15,Metro Adelaide,3,153,458,2025,LD+B+2sm rug
3-SILVER,ACTIVE,Rae Roberts,82787008,Villa 23/71 Gloucester Ave,Belair,,Metro Adelaide,3,151,454,2024,ld+2 small br
3-SILVER,ACTIVE,Jan& Davey Lloyd,83922760/414931950,U160/9 Happy Valley Dve,Happy Valley,5159,Metro Adelaide,3,146,437,2025,BLD
3-SILVER,ACTIVE,Dawn Leopold,81795621,U21/3 Cashel St,Pasadena,,Metro Adelaide,3,142,427,2025,
3-SILVER,ACTIVE,Yvonne Scrutton,85582810,6 Manistry Dve,Yankallila,90,Metro Adelaide,3,140,420,2024,2 r
3-SILVER,ACTIVE,Dulcie Haynes/Dorothy,418110087,123/7 Sommer Place,Pasadena,,Metro Adelaide,3,140,419,2025,LD+H
3-SILVER,ACTIVE,Julian Kernick,81795744,U144/3 Cashel St( outside not in the gate),Pasadena,81795744,Metro Adelaide,3,140,419,2025,DH+L+H+B
3-SILVER,ACTIVE,Mrs Woon,85285321,18 Craig St,Tarlee,,Metro Adelaide,3,139,417,2024,LHDP
3-SILVER,ACTIVE,Annette & Leon Harvey,84492359/411349567,19 Lambert Ave,West Lakes,99,Metro Adelaide,3,136,407,2025,LD
3-SILVER,ACTIVE,Jackie Andjelkovic,438039367,3A Wesley St,Lower Mitcham,5062,Metro Adelaide,3,127,380,2025,LB+Off+2 mats
3-SILVER,ACTIVE,Roland/Bev Schultz,409764338,U16/5 Moore St,Pasadena,,Metro Adelaide,3,127,380,2025,1b+l rug
3-SILVER,ACTIVE,J Rogodrer (Judith Roger?),82781074/417858974,U18/5 Moore St,Pasadena,5052,Metro Adelaide,3,123,368,2024,2br+1 rug
3-SILVER,ACTIVE,Margaret Brisbane,81795640,U40/3 Cashel St,Pasadena,81795640,Metro Adelaide,3,123,368,2024,DPBR(walkway)
3-SILVER,ACTIVE,Mrs Jan Jones,83961046/401267676,6/1089 N E Rd,Ridgehaven,5097,Metro Adelaide,3,123,368,2024,ld+tiny p+little room+sctchguard
3-SILVER,ACTIVE,Pat Kennedy,412573719,9 Bertie St,West Hindmarsh,5007,Metro Adelaide,3,120,359,2025,LB+D
3-SILVER,ACTIVE,Grace,82957809,U1/10A Henry St,Morphetville,,Metro Adelaide,3,118,354,2024,L1b+rug
3-SILVER,ACTIVE,Mrs Jo & Terry Evers,431472011/83862213,8 2nd Ave,Moana,,Metro Adelaide,3,117,350,2025,LD+1R
3-SILVER,ACTIVE,Mrs Powell,82642518,24 Hilltop Ave,Ridgehaven,5097,Metro Adelaide,3,116,348,2024,1 recliner
3-SILVER,ACTIVE,Barbara Medina,83922744,U144/9 H V Dr,Happy Valley,22/7/24 not now call in Dec 24,Metro Adelaide,3,116,347,2024,2b+L
3-SILVER,ACTIVE,Mrs Lorraine Johnson,83265113,22 Cumberland Cres,Huntsfield Hgts,100,Metro Adelaide,3,110,329,2024,LH2b walkways
3-SILVER,ACTIVE,Roma Lawler,83922679,U79/9 Happy Valley Dr,Happy Valley,,Metro Adelaide,3,109,328,2025,1R+L+T
3-SILVER,ACTIVE,Elizabeth & Robert Basedow,420414100,4 Corella Pl,Tea Tree Gully Angas Pk Dr,,Metro Adelaide,3,103,310,2024,1 rug+ front room
4-REPEAT,ACTIVE,Sevan Semonian,429947471,57 Dalton Ave,Aldgate,,Metro Adelaide,2,487,974,2024,LDH+B$159
4-REPEAT,ACTIVE,Rebecca & John Bagusauskas,403948236,15 Fairview Cres,Ridgehaven,,Metro Adelaide,2,470,940,2024,5 seater+4seater
4-REPEAT,ACTIVE,Clare Waldron,418601965,66 Tuscan Rd,Golden Grove,,Metro Adelaide,2,364,727,2025,1b+off+rugs+5seater
4-REPEAT,ACTIVE,Tina Kypvianou,427581333,U5/7 Station Ave,Blackwood,,Metro Adelaide,2,349,698,2024,
4-REPEAT,ACTIVE,Lydia,401000160,7 Farr Tce,Glenelg East,,Metro Adelaide,2,344,689,2024,Loung suite+sm rug+sm r upstairs
4-REPEAT,ACTIVE,Mrs Janet Ellen,83824272,19 Clark St,Pt Noarlunga,,Metro Adelaide,2,326,651,2025,L2b+1b+15steps+landing
4-REPEAT,ACTIVE,Laurie Church,400285697,560 Goodwood Rd,Goodwood,,Metro Adelaide,2,304,609,2025,
4-REPEAT,ACTIVE,Michelle Parks,413154239,12 Addison Rd,Hove,,Metro Adelaide,2,260,519,2024,3 seeater+2seater leather lounges
4-REPEAT,ACTIVE,Sharon,82430219/447781712,47 Mitchell St East,Seaton,5023,Metro Adelaide,2,224,447,2025,3R
4-REPEAT,ACTIVE,Helen Alexander,422681664,50 Beach St,Grange,,Metro Adelaide,2,219,438,2024,"1 big carpet rug wine spill, long rug in hallway persian runner, 1 office+ 1 br"
4-REPEAT,ACTIVE,Margaret Stockle,407045696,U38/3 Belperio Court,Paradise/Thorndon Pk,,Metro Adelaide,2,214,428,2024,2br+ study$109 + lounge chairs$120
4-REPEAT,ACTIVE,Raj Manik,431770410,8 Greys Crt,Oakden,,Metro Adelaide,2,205,410,2024,4br+mat
4-REPEAT,ACTIVE,Marylene Jones,83791227,33 Keyes St,Linden Pk,,Metro Adelaide,2,204,409,2024,2bLrug$130+8 mats$90
4-REPEAT,ACTIVE,Terence & Kathleen Cody,418857857,28 Meadowvale Rd,Athelstone,,Metro Adelaide,2,202,404,2024,2 lounges+ 3 runners
4-REPEAT,ACTIVE,Rhonda Cheek,83922777,177/9 Glenoth Rd,Happy Valley,,Metro Adelaide,2,194,389,2025,1b+H+D+1armchair
4-REPEAT,ACTIVE,Lee Ann Malcolm,404088218,27 Knott St,Melrose,,Metro Adelaide,2,194,388,2024,1R
4-REPEAT,ACTIVE,Winnifred Dunning,83922614/401861001,U14/9 Happy Valley Dve,Happy Valley,5159,Metro Adelaide,2,190,380,2024,LD+B+foyer+runner+mats
4-REPEAT,ACTIVE,Glenda,422640017,U1/9 Sunglo Court,Teringie,,Metro Adelaide,2,190,379,2024,
4-REPEAT,ACTIVE,Ellie Bell,488367425,U75/28c King George St,Hove,,Metro Adelaide,2,189,378,2025,
4-REPEAT,ACTIVE,Rhonda & Robert Cheek,83922777,177/9 Glenoth Rd,Happy Valley,,Metro Adelaide,2,189,378,2024,2 chairs+L3b
4-REPEAT,ACTIVE,Patricia Bradshaw,408301042,26 Londonderry Ave,Salisbury,,Metro Adelaide,2,184,369,2024,3b+L+sq
4-REPEAT,ACTIVE,Fay Water,402550144,U158/9 Happy Valley Dv,Happy Valley,,Metro Adelaide,2,174,349,2025,3br+rug in L
4-REPEAT,ACTIVE,Pat & Michael Barkway,419857248,28E Esplanade(entry via Dover Pl),Christies Beach,,Metro Adelaide,2,174,348,2024,
4-REPEAT,ACTIVE,Belinda Turner,83237687,388 Bayliss Rd,Tatachilla,,Metro Adelaide,2,172,345,2024,L+P+1 rug
4-REPEAT,ACTIVE,Laurel Higgins,,16  Wilson St,Mansfield Pk,427602501,Metro Adelaide,2,170,339,2024,BHL $159 paid $200
4-REPEAT,ACTIVE,Judy Wallis,85524074/418205522,45 Renown Ave,Victor,5211,Metro Adelaide,2,162,324,2024,LD+2b+1p
4-REPEAT,ACTIVE,Dianne Barnes,400774027,11 Parrell St,Seaford Meadows,,Metro Adelaide,2,160,319,2025,3b
4-REPEAT,ACTIVE,Rhonda Taylor,83560509/452543199,U43/199 Frederick Rd,Seaton,,Metro Adelaide,2,160,319,2025,Seaton
4-REPEAT,ACTIVE,Carol Johnson,82645463,15 Stevens Dr,Ridgehaven,Suki,Metro Adelaide,2,159,318,2025,Off++L+H+B
4-REPEAT,ACTIVE,Margaret Edmonton,,U35/33 Golden Grove Rd,Ridgehaven,,Metro Adelaide,2,155,310,2025,
4-REPEAT,ACTIVE,Irene Butt,85528782/416629579,U32/1 Phillip Ave,Victor,,Metro Adelaide,2,154,309,2024,DL+H+Main Br+walk in space
4-REPEAT,ACTIVE,Leslie Whyton,413525549,U480/1075 G J Rd,Hope Valley,,Metro Adelaide,2,154,309,2024,2b+rug
4-REPEAT,ACTIVE,Julie Nettle,86632387,26 West Tce,Laura,409907748/Julie: 428632387,Metro Adelaide,2,154,308,2024,LB+P
4-REPEAT,ACTIVE,Shirley Martin,87672980,44 Marine Pde,Kingston,,Metro Adelaide,2,152,304,2024,1brLD+blood stains
4-REPEAT,ACTIVE,Marilyn  Jones,83821669,7 Baden Tce ,O'Sullivan Beach,5166,Metro Adelaide,2,150,300,2024,3r + 1 medium rugs
4-REPEAT,ACTIVE,Mon To,423959164,14 Sutherland Rd,Ferryden Park,,Metro Adelaide,2,150,300,2025,up 3 rooms+sm P+ 17 steps
4-REPEAT,ACTIVE,Peter Macklin-Shaw,417897051/83961556,161 brougham Drive,Valley View,,Metro Adelaide,2,150,300,2025,5093
4-REPEAT,ACTIVE,Adrian,419814737,99B East Tce,Henley Beach,,Metro Adelaide,2,150,299,2025,L2b+Off+rug+mat+2sm mats
4-REPEAT,ACTIVE,Carolina,412668345,2 Tapson Crescent,Pasadena,,Metro Adelaide,2,150,299,2024,2br+2mats
4-REPEAT,ACTIVE,Chris Kuchel,417082560,U61 Lynn St,Aberfoyle Pk,,Metro Adelaide,2,149,298,2025,
4-REPEAT,ACTIVE,Dennis/Janet Grant,422494073,3B Johnstone Rd,Oaklands Pk,,Metro Adelaide,2,149,298,2024,3b+2rugs
4-REPEAT,ACTIVE,Fay Mcintosh/DR Neil Adair,82782400/437450240,47 York Ave/Gloucester Ave,Belair,,Metro Adelaide,2,149,298,2024,xtra LB+xlarge LR
4-REPEAT,ACTIVE,Gay Watson,402867919,U11/29 Delfin D ,West Lakes,,Metro Adelaide,2,149,298,2025,2b+rug
4-REPEAT,ACTIVE,Rona Fey,81930122,U122/2 Symes St,Ashford,,Metro Adelaide,2,149,298,2024,2r+LD+H
4-REPEAT,ACTIVE,Christine/Jonathan (mother),408606633,U35/607 Grand Boulevard,Seaford Rise,,Metro Adelaide,2,145,290,2025,L+2br+rug
4-REPEAT,ACTIVE,Lynn Podolak,85237491/412086460,U91/35 Coleman Pde,Evanston Gdns,,Metro Adelaide,2,144,289,2025,Main bedroom+wir
4-REPEAT,ACTIVE,John/Ann Dixon,407783683/82783683,U16/71 Gloucester Ave,Belair,,Metro Adelaide,2,144,288,2024,2bLD+sunroom
4-REPEAT,ACTIVE,Jenny Hancock,431098484,6A Eton Ave Magil,Magill,Magill,Metro Adelaide,2,142,285,2024,83651152
4-REPEAT,ACTIVE,Ann Welfare,477550464,U19/71 Gloucester Ave,Belair,,Metro Adelaide,2,140,280,2025,2R
4-REPEAT,ACTIVE,Margaret Tavener,407184718,49/12 Marina Ave,Belair,,Metro Adelaide,2,140,280,2025,LD+2b
4-REPEAT,ACTIVE,Jan Hopkins,427399441,U108/12 Marina Ave,Belair,,Metro Adelaide,2,140,279,2025,2B+L+Lmat+4sm mats
4-REPEAT,ACTIVE,Robyn Hull,448461954,18 Grace ,Darlington,,Metro Adelaide,2,140,279,2025,1 rug+1 br
4-REPEAT,ACTIVE,Winston White,435133220,U15/5 Moore St,Pasadena,,Metro Adelaide,2,140,279,2024,1b+rug+chair
4-REPEAT,ACTIVE,Mrs Margaret Cox or Mackey,82981173,7 Olive St,Brighton North,,Metro Adelaide,2,139,278,2025,3b+1 rugs
4-REPEAT,ACTIVE,Kath Mcpheat,403319486,U127/9 Happy Valley Dr,Happy Valley,5159,Metro Adelaide,2,134,269,2024,3r+P
4-REPEAT,ACTIVE,Hilda Tapnee,82647376,33 Browning St,Tea Tree Gully,David -419851760,Metro Adelaide,2,134,268,2025,LB+mat(rug)
4-REPEAT,ACTIVE,Pamela Roberts,82787008/438872318,Villa 12/71 Gloucester Ave,Belair,,Metro Adelaide,2,134,268,2025,LD+1Br
4-REPEAT,ACTIVE,Patricia Bulen,427773807,U119/Norfolk Rd,Marion,,Metro Adelaide,2,134,268,2024,
4-REPEAT,ACTIVE,Shirley Alderton,415706388,U10/1A lynn st,Aberfoyle Park ,,Metro Adelaide,2,134,268,2024,3r+h
4-REPEAT,ACTIVE,Audrey Stewart,411222916,U2/2 Albert St,Hamley Bridge,,Metro Adelaide,2,130,260,2024,
4-REPEAT,ACTIVE,Doon Winnel,422024240,Villa 18/71 Gloucester Ave,Belair,,Metro Adelaide,2,130,259,2025,Blood stains
4-REPEAT,ACTIVE,Freda,452516808,21 Chrysler Dve,Holden Hill,,Metro Adelaide,2,129,258,2024,2-3 r quoted $159
4-REPEAT,ACTIVE,Mrs Dean Wilson,85237457,U57/35 Coleman Pde,Evanston Park,5116,Metro Adelaide,2,129,258,2024,3 seater fabric
4-REPEAT,ACTIVE,Annette/John,87673138,41 Cooke St,Kingston,,Metro Adelaide,2,124,249,2024,LDB
4-REPEAT,ACTIVE,Dennis,82980661,U61/28c King George Ave,Hove,419804013,Metro Adelaide,2,120,240,2025,2r
4-REPEAT,ACTIVE,Pat Raymont,82786613,Villa 47/3Gloucester Rd,Belair,,Metro Adelaide,2,120,240,2025,Dining area
4-REPEAT,ACTIVE,June,83383941,U7/71 Gloucester Ave,Belair,,Metro Adelaide,2,120,239,2025,
4-REPEAT,ACTIVE,Liz G,83922791,191 Glenloth Dve,Happy Valley,,Metro Adelaide,2,119,238,2024,
4-REPEAT,ACTIVE,Bev,417170551,47 Anderson Rd,Bridgewater,,Metro Adelaide,2,110,220,2024,Runner +L+1 more
4-REPEAT,ACTIVE,Mrs Valerie Booker,437429229,Apt 69/28C King George Ave,Hove,,Metro Adelaide,2,110,220,2025,1 Lounge Room
4-REPEAT,ACTIVE,Mrs Bradford,82785185,18 Ellis St Eden Hills,Eden Hills,,Metro Adelaide,2,110,219,2024,L&B
4-REPEAT,ACTIVE,Peter,82634535,U90/33 Golden Grove Rd,Ridgehaven,5097,Metro Adelaide,2,110,219,2024,H+1br
4-REPEAT,ACTIVE,Mr Wilkinson,83922697,U97/9 Happy Valley Dve,Happy Valley,,Metro Adelaide,2,109,218,2025,2R+L+D+H
4-REPEAT,ACTIVE,Mrs Spantos,85232834,U46 Lyndoch Rd ,Gawler East,,Metro Adelaide,2,109,218,2025,1B+1L
4-REPEAT,ACTIVE,Helen Waterman,417665203,U5/4 Chapel St,Glenelg,,Metro Adelaide,2,105,210,2024,
4-REPEAT,ACTIVE,Ann Baars,83922785,U185/ Glenloth Dve,Happy Valley,,Metro Adelaide,2,99,198,2025,1 Rug
4-REPEAT,ACTIVE,Rosslyn Dickson,405082053,U1/350 GJ Rd,Hope Valley,,Metro Adelaide,2,74,149,2025,1 rug
5-SINGLE,ACTIVE,Tony Michaels,438567561,1/117 The Esplanade,Henley Beach,,Metro Adelaide,1,638,638,2024,3x2x2x2$3605R$1892rugs$80
5-SINGLE,ACTIVE,Talitha Lisa-(Paid by Geoffrey Watson),82660442/413484302,20 Petworth St,Oakden,,Metro Adelaide,1,480,480,2025,3e+LD+L+H+mats$2802x2 fabric$190
5-SINGLE,ACTIVE,Dina & Robert Schubert,402917311,1669B Survey Rd,Melrose,$40 EFT,Metro Adelaide,1,390,390,2024,2 seater+3seater+L+rugs
5-SINGLE,ACTIVE,Jeff Oakley,,Peterbrough Golf Club,End of Jervoice St,chq,Metro Adelaide,1,320,320,2024,
5-SINGLE,ACTIVE,Chris Wilson,408840001,U2/102 Cross Rd,Highgate,,Metro Adelaide,1,319,319,2024,4r upstairs +1 sownstairs+1rug
5-SINGLE,ACTIVE,Chris Meinel,434612552,4 Lassie Ave,Windsor Gdns,,Metro Adelaide,1,309,309,2025,LH+rug$129 +couch$100 Back room $50 extra rug outside $30
5-SINGLE,ACTIVE,Vicky Nutt,448007545,7 Michael Ave,Stirling Nth,,Metro Adelaide,1,309,309,2024,L suite$239 + rug$70
5-SINGLE,ACTIVE,Bob & Debra Mcmurtrie,84497500,16 Hampton Cr,Largs Bay,95,Metro Adelaide,1,299,299,2025,chairs + carpets
5-SINGLE,ACTIVE,Pearly/Tony Michaels,406336282,Ebenezeer Lane,Adelaide,Prudence  Office,Metro Adelaide,1,280,280,2024,Office
5-SINGLE,ACTIVE,Lee Daly,411370421,U9/1A  Lynn St,Aberfoyle Park ,,Metro Adelaide,1,279,279,2024,LP+main BR+2 seater+1
5-SINGLE,ACTIVE,Mrs  Fraser,82618676,10 Cameron Rd,Klemzig,5087,Metro Adelaide,1,279,279,2025,2 large rugs+1 medium rug+1 medium runner+1 long runner
5-SINGLE,ACTIVE,Helen/Grant Minervini,412848213,14 Radiatta Rd,Highbury,,Metro Adelaide,1,259,259,2025,Up 3b+H+Ldown master B
5-SINGLE,ACTIVE,Jill,456499722,U83/35 Cooleman Pde,Evanston Park,,Metro Adelaide,1,259,259,2025,LDP+2 recliners
5-SINGLE,ACTIVE,Rosemary Taylor,82965226/407718186,13 Oleander St,Sth Brighton ,Kay,Metro Adelaide,1,250,250,2025,L Lounge+2br+Off+little area
5-SINGLE,ACTIVE,Angela Co,451812700,2 Cepernicus ,Christie Downs,,Metro Adelaide,1,239,239,2024,LBL+H
5-SINGLE,ACTIVE,Leslie Burke,413388092,9B Marian Ave,Rostrevor,,Metro Adelaide,1,239,239,2024,
5-SINGLE,ACTIVE,Lynette Beard,408085109,5/2 Ocean Rd,Chiton,,Metro Adelaide,1,239,239,2024,3b+Hall runner
5-SINGLE,ACTIVE,Mary Cole,421637072,U62/12 Marina Ave,Belair,,Metro Adelaide,1,239,239,2024,4 dining chairs+carpets
5-SINGLE,ACTIVE,Adrian(Paid by BD Kemble),419814737,99B East Tce,Henley Beach,,Metro Adelaide,1,229,229,2025,L2b+Off+rug+mat+2sm mats
5-SINGLE,ACTIVE,Josie Coglin,,U57/12 Marine Stave Butler Crt,Belair,Gate 4,Metro Adelaide,1,224,224,2024,B+3mats+1rug
5-SINGLE,ACTIVE,Ruth Harris,82784403,Villa 65/12 Marina Ave Gloucester St,Belair,,Metro Adelaide,1,220,220,2025,LD+Main Br+Sm Br+synroom+4 mats
5-SINGLE,ACTIVE,Keneatha Pick,418987402,U2/3 Strangeways Tce,Pt Elliott,,Metro Adelaide,1,219,219,2024,L+B+1 rug
5-SINGLE,ACTIVE,Melissa,,10 Weetunga St,Fulham,412150125,Metro Adelaide,1,219,219,2024,5 n half seater fabric
5-SINGLE,ACTIVE,Sue Poole,429197667,57 Yettie Road,Williamstown,,Metro Adelaide,1,206,206,2024,3 sm br+1xcarpet aquare+8bedside mats
5-SINGLE,ACTIVE,Julia Mcfarlan,417389541,U83/10 Marina Ave,Belair,,Metro Adelaide,1,200,200,2024,LDB+sunroom+1 large rug+mat $209 pd $200
5-SINGLE,ACTIVE,Carmel Lawn,417205391,U14/30 Norfolk ,Marion,,Metro Adelaide,1,190,190,2025,
5-SINGLE,ACTIVE,Glen Fendler Paid by Mary J Ashenden,434953020,13 Headingly Ave,Hope Valley,,Metro Adelaide,1,190,190,2025,
5-SINGLE,ACTIVE,Judith Lane,82788950,U42/ Gate 3 Gloucester Rd,Belair,,Metro Adelaide,1,190,190,2025,LD+sun R+B
5-SINGLE,ACTIVE,Mrs Janice& David  Benton,81795626,U26/3 Cashel St,Pasadena,5042,Metro Adelaide,1,190,190,2025,LB+5rugs
5-SINGLE,ACTIVE,Helen Brown,428830445,Villa 21/71 Glouceste rAve,Belair,,Metro Adelaide,1,189,189,2025,Sunroom/B+L/D+Off
5-SINGLE,ACTIVE,July Bettes,427094978,U40/48 Gloucester Rd,Belair,,Metro Adelaide,1,189,189,2025,Main B+LD+4 little rugs
5-SINGLE,ACTIVE,Kay Longe,450297761,2 Yamba Grove,West Lakes Shore,,Metro Adelaide,1,189,189,2025,LD+3b+sm L
5-SINGLE,ACTIVE,Bonnet,407971417,28 Mahagoney Cnr Christopher St,Dernancourt,,Metro Adelaide,1,180,180,2024,l1nhalf dining+1nhalfP+F+B
5-SINGLE,ACTIVE,Filimina  Labbaozzetta,83377076,11 Warren Ave,Paradise,,Metro Adelaide,1,180,180,2024,3br+2br walkways+l+h+sm rug
5-SINGLE,ACTIVE,Cally McCullan,86662007/408666838,507 Reichstein Rd,Melrose,,Metro Adelaide,1,179,179,2025,L+1B+P
5-SINGLE,ACTIVE,Matt Scholz-Max/Filomena,412018133,27 Vickers Vimmer Pde,Northgate,,Metro Adelaide,1,179,179,2025,4 br upstairs
5-SINGLE,ACTIVE,Patricia Dorsford,488003357,U7/33 Catalina St,Elizabeth East,,Metro Adelaide,1,179,179,2025,1R+Living areas
5-SINGLE,ACTIVE,Brian Stewart,417551440,16 Wyong Rd,O'Sullivan Beach,,Metro Adelaide,1,170,170,2025,
5-SINGLE,ACTIVE,Denise Bushell,407796504,34 Aquamarine Ave,Salisbury East,,Metro Adelaide,1,170,170,2025,
5-SINGLE,ACTIVE,Rosella Rappell,432679564,1348 G J Rd,Hope Valley,,Metro Adelaide,1,170,170,2025,
5-SINGLE,ACTIVE,Stuart Wallis,410913314,48 Domain St,Moana,,Metro Adelaide,1,170,170,2025,Up BL+L down
5-SINGLE,ACTIVE,Chris,424701967,16 Bollard Tce,Seaford Meadows,,Metro Adelaide,1,169,169,2025,3b
5-SINGLE,ACTIVE,Clara,450933942,7 Pimelea Rd,Reynella,,Metro Adelaide,1,169,169,2024,3R+L
5-SINGLE,ACTIVE,Esmond & Richard Simpson,438786324,24 The Walk,Coromandel Valley,,Metro Adelaide,1,169,169,2024,4r+2rugs
5-SINGLE,ACTIVE,Jan Sherwell,82901206,15/30 Norfolk Rd,Marion,,Metro Adelaide,1,169,169,2025,
5-SINGLE,ACTIVE,Kylie Harrison,438244313,80F Lyndoch Rd,Gawler East,,Metro Adelaide,1,169,169,2024,
5-SINGLE,ACTIVE,Mrs Shute,83922650,U50/9 Happy Valley Dr,Happy Valley,5159,Metro Adelaide,1,169,169,2025,4r
5-SINGLE,ACTIVE,Jim Douglas,417875232,Villa 9 /6 North St,Henley Beach,,Metro Adelaide,1,160,160,2025,
5-SINGLE,ACTIVE,Maree Jolly,407603107,U89/28c King George Ave,Hove,,Metro Adelaide,1,160,160,2024,LBS+mats
5-SINGLE,ACTIVE,Michael Oakley,458784218,U223/18 Mcharge,Happy Valley,,Metro Adelaide,1,160,160,2025,LD
5-SINGLE,ACTIVE,Phillip Keanihan,427840534,133 Commercial Rd,Salisbury,,Metro Adelaide,1,160,160,2024,
5-SINGLE,ACTIVE,Ann Corcoran,405000347,U44/1A Lynn St,Aberfoyle Pk,,Metro Adelaide,1,159,159,2024,2b+H+L
5-SINGLE,ACTIVE,Hew Grano,,62 Harrow Road,College Park,,Metro Adelaide,1,159,159,2025,
5-SINGLE,ACTIVE,Lara Mccarron,413380113,U10/4 Macklin St,Hyde Park,,Metro Adelaide,1,159,159,2025,2 R
5-SINGLE,ACTIVE,Michaela Ryan,408075111,78 Bourke St,                                                                                                             ,,Metro Adelaide,1,159,159,2024,2R+Rug
5-SINGLE,ACTIVE,Mrs Bob Mcmurtrie,84497500,16 Hampton Cr,Largs Bay,95,Metro Adelaide,1,159,159,2024,1bLD+P
5-SINGLE,ACTIVE,Renate Falk,411480139,U55/9 Happy Valley Rd,Happy Valley,,Metro Adelaide,1,159,159,2025,LB+Off
5-SINGLE,ACTIVE,Katlyn Kiss,413139976,13 Farmer St,Newton,,Metro Adelaide,1,150,150,2024,R+L
5-SINGLE,ACTIVE,Cally Mccallum,86662007,507 Reichstein Rd,Melrose,149,Metro Adelaide,1,149,149,2024,LH+B
5-SINGLE,ACTIVE,Melina Stewart,415756732,8 McCann Ave,Glenleg North,,Metro Adelaide,1,149,149,2025,
5-SINGLE,ACTIVE,Nina Jones,417064898,U118/30A Norfolk Rd,Marion,,Metro Adelaide,1,140,140,2024,LD+smH+1B
5-SINGLE,ACTIVE,Trevor  & Rose Rappell,409575257,1348 Grand Junction road,Hope Valley,,Metro Adelaide,1,140,140,2024,"Family R , Passage & Lounge"
5-SINGLE,ACTIVE,.l;,,U4/15A Rosella St,Payneham,,Metro Adelaide,1,139,139,2024,3R
5-SINGLE,ACTIVE,Angela & Robert Shaw,83993453,U5/1 Barracks Lane,Bridgewater,,Metro Adelaide,1,139,139,2024,LB
5-SINGLE,ACTIVE,Chris Graham,439684858,177 Broster Rd,Arthurton,,Metro Adelaide,1,139,139,2024,1 big rug
5-SINGLE,ACTIVE,Christine/John Cullea,434355748,10 Marina Ave Gate5,Belair,,Metro Adelaide,1,139,139,2024,LDB=sun/Off
5-SINGLE,ACTIVE,Giles  & Charles Orr,419855447,U212/1 Mccharge Rd,Happy Valley,,Metro Adelaide,1,139,139,2025,
5-SINGLE,ACTIVE,Leon/Beth Duke,409882548,10 Jenkin Ave,Victor,,Metro Adelaide,1,139,139,2024,2br+carpet square
5-SINGLE,ACTIVE,Leslie,403934426,U52/35 Coleman Pde,Evanston Pk,,Metro Adelaide,1,139,139,2024,3r
5-SINGLE,ACTIVE,Paul Gee (Kenne),417879370,2A Macumba Ave,Lockleys,,Metro Adelaide,1,139,139,2024,3b+WIR
5-SINGLE,ACTIVE,Fay Coffer,,U14/ Moore St,Pasadena,,Metro Adelaide,1,130,130,2025,B+L
5-SINGLE,ACTIVE,Katherine Brown,438767927, U13/Moore St,Pasadena,,Metro Adelaide,1,130,130,2025,B+Rug
5-SINGLE,ACTIVE,Mrs Joan Gurr,407509595,U78/3 Cashel St,Pasadena,,Metro Adelaide,1,130,130,2025,2r
5-SINGLE,ACTIVE,Christine/Jonathan,408606633,U91/The Boulevard,Seaford Rise,,Metro Adelaide,1,129,129,2024,3R
5-SINGLE,ACTIVE,Evelyn Mack,83377439,70 Green Glade Dv,Paradise,,Metro Adelaide,1,129,129,2024,L+ little hallway
5-SINGLE,ACTIVE,Kath Bevan,410181477,U55/Moore Ave,Pasadena,,Metro Adelaide,1,129,129,2025,
5-SINGLE,ACTIVE,Kiro,410591116,U1/119 Gorge Rd,Paradise,,Metro Adelaide,1,129,129,2025,LDP
5-SINGLE,ACTIVE,Pat Ellis,82765029,U25/ Moore St,Pasadena,,Metro Adelaide,1,129,129,2025,2b
5-SINGLE,ACTIVE,Peter & Mrs Russell,411204921,U1/1 Carlyle St,V/Harbour,5211,Metro Adelaide,1,129,129,2024,main bedroom
5-SINGLE,ACTIVE,Raelene,408070975,U8/60 George St,Marion,,Metro Adelaide,1,129,129,2025,
5-SINGLE,ACTIVE,Sister,,52A Fentonaye,Christies Beach,,Metro Adelaide,1,129,129,2024,2 sm B+rug
5-SINGLE,ACTIVE,Denise Jones,417887467/81720214,1 Mann St,Hyde Park,,Metro Adelaide,1,120,120,2024,1 rug shaggy
5-SINGLE,ACTIVE,Mother Minervini,,U6/14 Walnut Gr,Dernancourt,,Metro Adelaide,1,120,120,2025,
5-SINGLE,ACTIVE,Mrs Peter & Jan Crawford,435413998,U56/28c King George Rd,Hove,120,Metro Adelaide,1,120,120,2024,2R
5-SINGLE,ACTIVE,Pat Illes,410094500,U25/Moore St,Pasadena,,Metro Adelaide,1,120,120,2024,2r
5-SINGLE,ACTIVE,Rita Walden,85237444,U44/35 Coleman Pde,Evanston Gdns,120,Metro Adelaide,1,120,120,2025,3r
5-SINGLE,ACTIVE,Chelsea Mitchell,406023877,11 Wyman Way,Woodcroft,,Metro Adelaide,1,110,110,2025,chocolate stain
5-SINGLE,ACTIVE,Evon Lucas,429381990,444/60 Cocorane ,West Lakes,,Metro Adelaide,1,110,110,2024,
5-SINGLE,ACTIVE,New tenant - John & Robin Groves,85237484,U84/35 Coleman Pde,Evanston Park,,Metro Adelaide,1,109,109,2024,LD+rug
5-SINGLE,ACTIVE,Mrs Murphy,82701115,U3/1A Lynn St,Aberfoyle Pk,,Metro Adelaide,1,90,90,2025,2 recliners fabric
5-SINGLE,ACTIVE,Frank,83375239,8 Torrens Ave,Felixstow,,Metro Adelaide,1,80,80,2024,1 large rug
5-SINGLE,ACTIVE,Debra,,16 Hampton Rd,Largs Bay,,Metro Adelaide,0,0,0,2025,
5-SINGLE,ACTIVE,Happy Valley,David,22/7/24 he passed away try them Dec24,Happy Valley,Mrs Templeton,Metro Adelaide,0,0,0,2024,Happy Valley
5-SINGLE,ACTIVE,Ian Thorpe,429672982,18235 Princess Highway,Kingston,,Metro Adelaide,0,0,0,2024,
5-SINGLE,ACTIVE,Jan Lecky,409770716,U24/3 Cashel St,Pasadena,,Metro Adelaide,0,0,0,2025,5042
5-SINGLE,ACTIVE,Kadina,Suki,"21/7/20 call next time there,bked 1/2/20",12.30pm,Vony,Metro Adelaide,0,0,0,2024,Kadina
5-SINGLE,ACTIVE,Mrs Jan Crawford,435413998,U56/28c King George Rd,Hove,120,Metro Adelaide,0,0,0,2024,2R
5-SINGLE,ACTIVE,Phillip,Neighbour,U3/2 Albert St,Hamley Bridge,,Metro Adelaide,0,0,0,2024,
