Tier,Status,Client_Name,Phone,Address,Suburb,Postcode,Region,Total_Jobs,Avg_Job_Value,Total_Revenue,Last_Year,Service_Notes
1-PLATINUM,ACTIVE,John,85583376/408583701,30 Elizabeth Cres,Carrickalinga,5204,Fleurieu Peninsula,15,149,2240,2025,3r
1-PLATINUM,ACTIVE,Colleen Mccalum,85526572/408841921,54 Grantley Ave,Victor Harbor,jc.mccallum@bigpond.com.au,Fleurieu Peninsula,12,173,2079,2025,L+Family+3 br
1-PLATINUM,ACTIVE,Mrs Blanchard,85526926,17 Gare Crt,V Harbour,5211,Fleurieu Peninsula,10,373,3728,2025,L+B+1long runner+2 sm runners+1 round mat+1 rect mat
1-PLATINUM,ACTIVE,Vicki Ellis,429846291,64 Valley View Rd,Mclaren Vale,5171,Fleurieu Peninsula,9,272,2452,2025,7 seater$2801x2 fabric$150L4b+rug$220
1-PLATINUM,ACTIVE,Mrs Daphne Neville,85552930/411091294,48 Quebec St,Goolwa,5214,Fleurieu Peninsula,9,133,1201,2025,L1b
1-PLATINUM,ACTIVE,Gale Martin,85561223/438829076,316 Blockers Rd,Myponga,5202,Fleurieu Peninsula,8,262,2095,2025,3br+H
1-PLATINUM,ACTIVE,Mrs Braithwaite,85582097,4 Banksia Crt,Normanville,5204,Fleurieu Peninsula,8,139,1113,2025,L+main br+P
1-PLATINUM,ACTIVE,Andrew/Angela Shiller,85527754/428964118,114 Wattle Drv,Mccraken,5211,Fleurieu Peninsula,8,112,899,2025,H+L+B
1-PLATINUM,ACTIVE,Ross Tuckwell,400168064,U3/61 Riverside Dve,Goolwa Sth,5214,Fleurieu Peninsula,8,100,800,2025,
2-GOLD,ACTIVE,Samantha Martin,400037554,121 Lawless Lane,Myponga,,Fleurieu Peninsula,7,427,2992,2025,4br+Large mat in living area+6 seater
2-GOLD,ACTIVE,Laurie & Jennifer Day,85565439/403803533,82 Nicholl Ave,Aldinga Beach,5173,Fleurieu Peninsula,6,153,920,2025,3r+2rugs
2-GOLD,ACTIVE,Ann Fawkner,85526074,U1/29 Adelaide Rd,Mccracken,435085040,Fleurieu Peninsula,6,146,877,2025,LD+1br+study+mat
2-GOLD,ACTIVE,Lynn Pratt,439899496,2A Jersey Crescent,Goolwa Nth,,Fleurieu Peninsula,6,140,837,2025,2r+1 lounge mat
2-GOLD,ACTIVE,Jeff Watkins,402813472/85523695,33 Rapid Ave,V Harbour,,Fleurieu Peninsula,6,126,754,2024,1b+L+back R+WIR+mat
2-GOLD,ACTIVE,Mrs Wood,85551486,90 Fenchurch St,Goolwa,5214,Fleurieu Peninsula,6,101,606,2025,LB+3 tiny mats
2-GOLD,ACTIVE,David Mills,439812241/85918180,17 Catt Dr,Strathalbyn,,Fleurieu Peninsula,5,308,1539,2024,5seater+L+ 1BR+H
2-GOLD,ACTIVE,Helen Duncan Stacey,416075052/85363069,17 Harriet St Strathalbyn,Strathalbyn,5255,Fleurieu Peninsula,5,225,1123,2025,LD+1R+P rooms+ B & B (1R)
2-GOLD,ACTIVE,Jenny Pritchard,407793746,8 Markland St,Milang,,Fleurieu Peninsula,5,219,1094,2025,2 seater+chair$110L rug+2runners$100
2-GOLD,ACTIVE,Mrs Sadler,85362372/477782441,7 Albion Dve,Strathalbyn,5255,Fleurieu Peninsula,5,184,922,2024,1 room
2-GOLD,ACTIVE,Helen Daulby,437238568,33C Fidock Rd,Goolwa Nth,,Fleurieu Peninsula,5,182,909,2025,leather lounge+2rugs
2-GOLD,ACTIVE,Chris Freeman/John,85582514/407796732,1 Burnard St,Normanville,438843278,Fleurieu Peninsula,5,169,847,2024,LB+1 rug
2-GOLD,ACTIVE,Janet,458045100,1400A Paris Creek Road Glenbar,Strathalbyn,85362017,Fleurieu Peninsula,5,163,813,2025,3r
2-GOLD,ACTIVE,Leslie Briggs,85555241,U12/192 Liverpool Rd,Goolwa,5214,Fleurieu Peninsula,5,152,758,2025,2 rugs+office
2-GOLD,ACTIVE,Mrs Tham,85525394,30 The Parkway,Victor Harbor,5211,Fleurieu Peninsula,5,140,702,2025,2R+P+area in L
3-SILVER,ACTIVE,Lorna Howieson,427581120,16 Tidewater St,Aldinga Beach,5173,Fleurieu Peninsula,4,401,1604,2025,4 seater+1arm chair+all mats+steps
3-SILVER,ACTIVE,Abbey  & Rudy Franceschinel,419858928/456758137,337 Blockers Rd ,Myponga ,New,Fleurieu Peninsula,4,325,1299,2025,6 seater+2 bedrooms
3-SILVER,ACTIVE,Gail & Nel Reuter,85553194/427521443,101 Fencchurch St,Goolwa,,Fleurieu Peninsula,4,316,1263,2024,Upstairs & downstairs all carpets
3-SILVER,ACTIVE,Mrs Eilleen Bury,85362739,U44/25 Parker Ave,Strathalbyn,,Fleurieu Peninsula,4,216,864,2024,4 seater+L room
3-SILVER,ACTIVE,Yvonne Stone,419820046,4 Huntingdale Dve,Normanville,,Fleurieu Peninsula,4,216,863,2024,4mats$252xtra rooms$803br+2big mats $189
3-SILVER,ACTIVE,Madeline Lloyd,85555673,U18/17 Wilmett Rd,Goolwa Beach,5214,Fleurieu Peninsula,4,157,628,2024,LD+sm H
3-SILVER,ACTIVE,Julie/Chris,437299775,U1/2 Michael St,Encounter Bay,5214,Fleurieu Peninsula,4,147,588,2025,Large L+2b next time $159
3-SILVER,ACTIVE,Margaret Bond,422740452,59 Norman Ave,Normanville,5204,Fleurieu Peninsula,4,142,566,2024,LDPB+off
3-SILVER,ACTIVE,Jenny Fletcher,85522040/448522040,15 Tamoshanter Pl,Mccracken,,Fleurieu Peninsula,4,137,548,2025,4r
3-SILVER,ACTIVE,Rhonda Johnson,400735619,U5/25 Parker Ave,Strathalbyn,,Fleurieu Peninsula,4,129,516,2024,
3-SILVER,ACTIVE,Bonnie Brown,85528083/422547877,U84/1 Maud St,Victor Harbor,,Fleurieu Peninsula,4,127,509,2024,L+P+D+2b
3-SILVER,ACTIVE,Heather Maxwell,407891832,U2/24 Gardener St,Goolwa,,Fleurieu Peninsula,4,124,497,2024,L2r+wir
3-SILVER,ACTIVE,Jenny Wallace,403238125/85552765,U97/17 Wilmett Rd,Goolwa,,Fleurieu Peninsula,4,117,467,2025,LD+2br
3-SILVER,ACTIVE,John Raison,85553337,3 Bedford Crt,Goolwa Nth,,Fleurieu Peninsula,4,114,458,2025,L2b
3-SILVER,ACTIVE,Mrs Schubert,85553176,U39/17 Wilmett Rd,Goolwa Beach,,Fleurieu Peninsula,4,107,429,2024,LDP+2br
3-SILVER,ACTIVE,Meg Taylor,85521591,9 Bond Ave,Victor Harbor,5211,Fleurieu Peninsula,4,84,338,2024,LP+2br
3-SILVER,ACTIVE,Jan Wheal,408832334/85583437,7 Martin Rd ,Yankalilla,,Fleurieu Peninsula,3,507,1522,2025,2LXrugs$100+med rug$25+sm mat$10 B+sp R+WIR$1593 L settes bottom cleaning $120
3-SILVER,ACTIVE,Jenny Bowman,448812996/44882679,20 Catt Dr,Strathalbyn,,Fleurieu Peninsula,3,270,810,2024,"1 leather chesterfield, 1 other one desk chair swivel, fabric 3 seater"
3-SILVER,ACTIVE,Mrs Bruce & Heather Partridge,85363630/400266600,54 Marchant Rd,Strathalbyn,,Fleurieu Peninsula,3,246,739,2025,l big mat + 2 br
3-SILVER,ACTIVE,Norm and Mary Schissons,85583498/437764280,11 Heathcite St,Normanville,,Fleurieu Peninsula,3,230,690,2025,3r+P+rug+mat
3-SILVER,ACTIVE,Rae,407727985,Caravan 26,Hindmarsh Island,,Fleurieu Peninsula,3,163,490,2025,
3-SILVER,ACTIVE,Margarit & Jack Winston,417585397,194 Canterbury Rd,Victor Harbor,,Fleurieu Peninsula,3,162,487,2025,LH$1292 seater$90
3-SILVER,ACTIVE,Mrs Arthur,85524254,U137/1 Phillip Ave,Victor Harbor,5211,Fleurieu Peninsula,3,157,470,2025,3R+L+D
3-SILVER,ACTIVE,Mrs Marilyn Flanagan,428552322/85552322,U1/3 Crocker St,Goolwa,,Fleurieu Peninsula,3,126,379,2025,3r+P
3-SILVER,ACTIVE,Mrs Jean Davies,85524511,U19/21 Adelaide Rd,Mccracken,5211,Fleurieu Peninsula,3,125,374,2025,1 large lounge
3-SILVER,ACTIVE,Mrs Mcainsh,85582003,7 Hasting St,Normanville,5204,Fleurieu Peninsula,3,119,357,2024,L+long H+B+little mat NC
3-SILVER,ACTIVE,Valerie Linden,401728847,U77/17 Wilmett Rd,Goolwa Beach,5214,Fleurieu Peninsula,3,112,335,2025,3 setaer whote fabric$150+1 chair $25
4-REPEAT,ACTIVE,Ryan Fletcher,417810530,12 Broadbeach Dr,Carrickalinga,,Fleurieu Peninsula,2,249,498,2024,1 rug+ stains+2 seater+ 1chair+1 ruuner(forgot to charge)
4-REPEAT,ACTIVE,Madelyn Jenkins,419526182,13 The Crescent,Victor Harbor,,Fleurieu Peninsula,2,190,380,2025,2br up + 2 br down
4-REPEAT,ACTIVE,Allan & Ann Anderson,0419846483/85551360,U70/17 Wilmett Rd,Goolwa Beach,5214,Fleurieu Peninsula,2,180,360,2025,L study+1 runner
4-REPEAT,ACTIVE,Mary Enright,85574091/478641138,U44/111 Cox Rd,Aldinga Beach,,Fleurieu Peninsula,2,170,339,2025,130
4-REPEAT,ACTIVE,Lara McCarron,85552234/0423229441/413380113,Madsen St Caravan Park,Hindmarsh Island,,Fleurieu Peninsula,2,165,330,2025,
4-REPEAT,ACTIVE,Mrs Barbara & David Wunder Sitz,85555638/429837010,U101/17 Wilmett Rd,Goolwa Beach,5214,Fleurieu Peninsula,2,164,328,2024,L+2 br
4-REPEAT,ACTIVE,Mrs Gaynor Jones,85555480,9B Farquhar St,Goolwa,5214,Fleurieu Peninsula,2,150,300,2024,1 r
4-REPEAT,ACTIVE,Sylvia Smith,488381444,Villa 4/2 Ocean Rd,Hayborough,5211,Fleurieu Peninsula,2,150,300,2024,2r+3r
4-REPEAT,ACTIVE,Judy Parks,415528540,12 Harwood Close,Encounter Bay,,Fleurieu Peninsula,2,129,258,2025,3r+F walkway+1R+sm mat
4-REPEAT,ACTIVE,April Roden,5204,21 Marrata St,Carrickalinga,,Fleurieu Peninsula,2,125,250,2025,3r+1 large rug
4-REPEAT,ACTIVE,Kay,428545148,U86/ Wilmett Rd,Goolwa Beach,,Fleurieu Peninsula,2,120,239,2024,1 br+P
4-REPEAT,ACTIVE,Mr Marion & Ray Hardy,85553787,25 Lacrington St,Goolwa Beach,,Fleurieu Peninsula,2,120,239,2024,L+study
4-REPEAT,ACTIVE,Doreen Keeling,432944275,U65/17 Wilmett Rd,Goolwa Beach,,Fleurieu Peninsula,2,79,158,2025,1R
5-SINGLE,ACTIVE,Cathy White,408594515,37 A Irving Road,Aldinga,,Fleurieu Peninsula,1,450,450,2025,3r
5-SINGLE,ACTIVE,Doug & Julie Steer,448402132,Russell Pl,Strathalbyn,,Fleurieu Peninsula,1,449,449,2025,Foyer ent+main Hall + stage$269/D+Off+store room$129
5-SINGLE,ACTIVE,David & Gail  Mills,439812241/85918180,17 Catt Dr,Strathalbyn,,Fleurieu Peninsula,1,369,369,2025,5seater+L+ 1BR+H+Br
5-SINGLE,ACTIVE,Robyn Oertel,427236661,58 High St,Strathalbyn,,Fleurieu Peninsula,1,368,368,2025,
5-SINGLE,ACTIVE,Mrs Reneira Sadler,85362372/477782441,7 Albion Dve,Strathalbyn,,Fleurieu Peninsula,1,338,338,2025,1 room
5-SINGLE,ACTIVE,Gayle & Nel Reuter,85553194/427521443,101 Fencchurch St,Goolwa,,Fleurieu Peninsula,1,288,288,2025,Upstairs & downstairs all carpets
5-SINGLE,ACTIVE,Judith Sorensen,85523995,U4/21 Adelaide Rd ,Mccracken,,Fleurieu Peninsula,1,200,200,2025,L+mainBR+P
5-SINGLE,ACTIVE,Mrs Pat  Arthur Edward Cheadle,75224485,U14/21 Adelaide Rd ,Mccracken,,Fleurieu Peninsula,1,200,200,2025,large rumpus room+2 br
5-SINGLE,ACTIVE,Carmin & Graeme,83703749,11 Poltong Cres,Encounter Bay,9am,Fleurieu Peninsula,1,199,199,2024,3 seater+2 seater leather
5-SINGLE,ACTIVE,Simone & Hans Brickell,450452028,U1/24 Gardiner St,Goolwa,,Fleurieu Peninsula,1,190,190,2025,LD+B+mat
5-SINGLE,ACTIVE,Wendy Farwood,407791554,16 Hooper Rd,Strathalbyn,,Fleurieu Peninsula,1,179,179,2024,2br+1 rug+3 mats
5-SINGLE,ACTIVE,Deb James,417881633,34 Shakeshaft Dv,Normanville,,Fleurieu Peninsula,1,160,160,2024,
5-SINGLE,ACTIVE,Mrs Thomas & Ray Thomas,85528728,U55/12 Mccraken Ave,Mccracken,5211,Fleurieu Peninsula,1,160,160,2024,L2B+runner+2 mats
5-SINGLE,ACTIVE,Beverley Fitzpatrick,83238502,6 Abbot Ave,Mclaren Vale,,Fleurieu Peninsula,1,159,159,2025,2L+Rug
5-SINGLE,ACTIVE,Doug  & Ellis Steer,448402132,4 Stephens Ave,Strathalbyn,,Fleurieu Peninsula,1,159,159,2024,LD+R+2 rugs
5-SINGLE,ACTIVE,Fay Galway,419253371,45 Strathmore Dve,Strathalbyn,,Fleurieu Peninsula,1,159,159,2025,2 L rugs
5-SINGLE,ACTIVE,Lyla Davison,83238337,U1/81 Valley View Dve,Mclaren Vale,,Fleurieu Peninsula,1,159,159,2024,P+L+D
5-SINGLE,ACTIVE,Mrs Arthur Edward Cheadle,75224485,U14/21 Adelaide Rd Harbour Village,Mccracken,,Fleurieu Peninsula,1,150,150,2024,
5-SINGLE,ACTIVE,Ernse Bais,412604309,3 Chapel St,Strathalbyn,,Fleurieu Peninsula,0,0,0,2024,3R+runner+rug
5-SINGLE,ACTIVE,Maureen,428880604,25 Etona Crt,Milang,,Fleurieu Peninsula,0,0,0,2025,
