Client_Name,Address,Suburb,Postcode,Phone,Service_Notes,Avg_Job_Value,Last_Service_Date,Last_Year,Total_Jobs
Johan,31 Highway Drive,Morphetvale,,407351004,2br+off+L+H,125.0,Thurs 18/7/24,2024,16
John,30 Elizabeth Cres,Carrickalinga,5204,85583376/408583701,3r,149.0,Wed 8/11/23,2025,15
Ellen Weinert,U4/20A Cudmore Tce,Henley Beach,,412743569,BP+D,145.0,Wed 15/5/24,2025,15
Colleen Mccalum,54 Grantley Ave,Victor Harbor,jc.mccallum@bigpond.com.au,85526572/408841921,L+Family+3 br,173.0,Fri 10/10/25,2025,12
Arthur Diamond,94 Henley Beach Rd,Mile End,5023,83565806/401438002,289,234.0,Fri 27/12/24,2025,11
Anna Green,36 Tucker Cres,North Haven,D+L+P - cats throw up,400989665/,2b +LD+P,149.0,Tues 10/12/24,2024,11
Julie Hollams,38A Belmont Cres,Maitland,EFT Paid,88322698/417859251,3r+2 large rugs,149.0,Mon 28/4/25,2025,11
Bev Lois,24 Janice St,Murray Bridge,5254,85310275,LDb+P+lounge chair,122.0,Mon 20/10/25 ,2025,11
Mrs Blanchard,17 Gare Crt,V Harbour,5211,85526926,L+B+1long runner+2 sm runners+1 round mat+1 rect mat,373.0,Thurs 9/10/25,2025,10
Vicki Ellis,64 Valley View Rd,Mclaren Vale,5171,429846291,7 seater$2801x2 fabric$150L4b+rug$220,272.0,Wed 19/3/25,2025,10
Mrs Ann Solomon,U54/3 Cashel St,Pasadena,431421894,81795654/411094655,D+L+2b+study,173.0,Thurs 16/10/25,2025,10
Mrs Liz Kibbler,11 Kelly St,Balaklava,5461,88622081,L D Comb,107.0,Mon 13/10/25,2025,10
Mrs Daphne Neville,48 Quebec St,Goolwa,5214,85552930/411091294,L1b,133.0,Tues 6/2/24,2025,9
Mrs Smith,6 Teak Ave,St Agnes,5097,82635512,LHDBR,122.0,Thurs 25/1/24,2025,9
Happy Valley,22/7/24 he passed away try them Dec24,Happy Valley,Mrs Templeton,David,Happy Valley,5159.0,U109/ Happy Valley Rd,2024,8
Belinda Wunder,625 Clinton Rd,Maitland,5573,418859440,3br+P+4rugs+2 ottoman,374.0,Mon 28/4/25,2025,8
Mr Ian Fraser,10 Cameron Rd,Klemzig,5087,82618676,2 medium rugs+2runnersb+office,269.0,Mon 24/06/2024,2024,8
Gale Martin,316 Blockers Rd,Myponga,5202,85561223/438829076,3br+H,262.0,Thurs 3/4/25,2025,8
Janet  & Wayne Williams,15635 RM Williams Way,Carrieton,189,86589018/487285979,L+2b+1mat,155.0,Tues 29/7/25,2025,8
Mrs Braithwaite,4 Banksia Crt,Normanville,5204,85582097,L+main br+P,139.0,Fri 10/10/25,2025,8
Margaret Kelly,U41/35 Coleman Pde,Evanston Pk,5116,85237441,2bLD+P,138.0,Mon 7/7/25,2025,8
Gerda & Jeff- Real Estate Agent,76 South Tce ,Peterborough,5422,427188316,D+L+P+br,135.0,Tues 29/7/25,2025,8
Maria,143 Lyons Rd,Dernancourt,5075,438031989,2 seater+LHB,135.0,Tues 23/7/24,2024,8
Sue Mitchell,U7/37 Whyte St,Somerton Pk,EFT paid,82776370/417889973/458544125,3r,135.0,Thurs 1/5/25,2025,8
Carol Brown,U70/28c King George Ave,Hove,,82980670/455577782,LDB,133.0,Mon 9/12/24,2024,8
Julie,116 Main St,Carrieton,130,86589004/428499400,1 big lounge ,133.0,Tues 29/7/25,2025,8
Margaret & Dennis,U11/1A Lynn St,Aberfoyle Pk,5159,417870943,2b+H+LD,122.0,Wed 30/10/2024,2025,8
Mrs Helen Baker,22 Munroe Ave,Sefton Park,5083,83423454/407830640,LP+1b,122.0,Thurs 26/6/25,2025,8
Andrew/Angela Shiller,114 Wattle Drv,Mccraken,5211,85527754/428964118,H+L+B,112.0,Thurs 3/7/25,2025,8
Ross Tuckwell,U3/61 Riverside Dve,Goolwa Sth,5214,400168064,,100.0,Wed 2/7/25,2025,8
Samantha Martin,121 Lawless Lane,Myponga,,400037554,4br+Large mat in living area+6 seater,427.0,Wed 7/5/25,2025,7
Kathryn Crouch,187 RiverGlen Rd,Crystal Brook/Merriton,Kingstown,86366223/417817624,2R+LD+Back Room + Rug,297.0,Thurs 22/5/25,2025,7
Judy Wells,131 Murray Rd,Port Noarlunga,5168,81861296/411502218,all carpets+L+TVR+D+H+bed,195.0,Tues 8/7/25,2025,7
Mary Smith,1B Tarcoola Ave,Brighton,Suki,409875406,LD+3Br+Rug,181.0,Tues 21/10/25,2025,7
Mrs Jones,9B Farquhar St,Oaklands Pk,5214,82982975,1 r,170.0,Tues 11/6/24,2024,7
Jamie Francis,539 Maitland Rd,Maitland,,429977853,5 an half rooms,158.0,Tues 29/4/25,2025,7
Mrs Rosemary Butler,5 Trevilyan Crt,Coromandel Valley,,82782773,FHB+scotch,137.0,2025-01-30 00:00:00,2025,7
Emily Battersby,9 Beauval St,Wilmington,,427822775,LR_ 1 br+ 1 rug,133.0,Fri 23/5/25,2025,7
Margaret Smith,Cnr 6th and 1st street (Church),Quorn,freezer left on by Suki no charge,86486277,1 large room,124.0,Fri 23/5/25,2025,7
Ern/Pat Kelly,27 Esplanade St Centre Dover Pl,Christies Beach,5164,83828131,14 steps+ landing,312.0,Tues 18/3/25,2025,6
Jenny Corkhill,86 Pulsford Rd,Prospect,345,82689789/422187907,1r$119sm rug$25 medium rug$50,311.0,Wed 23/4/25,2025,6
David Mills,17 Catt Dr,Strathalbyn,,439812241/85918180,5seater+L+ 1BR+H,308.0,Wed 4/9/24,2024,6
John Williams/Brenda,388 Henley Beach Rd,Lockleys,220,83518110/409005805,3x2 leather brown,205.0,Tues 27/8/24,2024,6
Paula Wegener,1341  Maitland Adrossan Rd,Ardrossan,EFT ,437235662,LP+2rugs+2 bar stools+bedroom,198.0,Wed 4/12/24,2024,6
John & Marion Balestrin,5 Ferguson St,Crystal Brook,159,86363058,LD1+xtra B,175.0,Thurs 22/5/25,2025,6
Mrs Jane Lowry/Malcolm,106 Wattle Dve,Victor,5211,85521967/409521967,2B+study+P+halway+2 recliners,174.0,Wed 23/10/24,2024,6
Janet,1400A Paris Creek Road Glenbar,Strathalbyn,85362017,458045100,3r,163.0,Thurs 3/4/25,2025,6
Mrs Nettle,28 Dolphin Rd,Fishermans Bay,5480,86632387/409907748/428632387,LD(Rugs over)+B+K+P,157.0,Wed  29/5/24,2024,6
Helen Blake,U17/71 Glouchester Ave,Belair,,82787264/499888746,LD2b,154.0,Tues 25/3/25,2025,6
Laurie & Jennifer Day,82 Nicholl Ave,Aldinga Beach,5173,85565439/403803533,3r+2rugs,153.0,Thurs 23/1/25,2025,6
Leoni Dohnt,2 Ferguson St,Crystal Brook,,439465520/86363124,LH+1 recliner,152.0,Tues 13/8/24,2024,6
Ann Fawkner,U1/29 Adelaide Rd,Mccracken,435085040,85526074,LD+1br+study+mat,146.0,Thurs 5/9/24,2025,6
Lynn Pratt,2A Jersey Crescent,Goolwa Nth,,439899496,2r+1 lounge mat,140.0,Thurs 11/7/24,2025,6
Mrs Christine Searle,5 River St,Murray Bridge,5254,85325303,L+2P+ 1 round mat+free scotch,138.0,Mon 7/4/25,2025,6
Mary Roesler,U94/35 Coleman Pd,Evanston Park,,85237494,1b+P+L,136.0,Tues 8/4/25,2025,6
Max Jones,U179/ Homestead Ave,Walkleys Hgts,shd be $129.00,83681840,LD+2Br+P,134.0,Tues 28/5/24,2024,6
Theresa Slee,U107/18 Montpellier Tce,Pt Elliott,,85541809,3B+H,131.0,Wed 5/3/25,2025,6
Mrs Joyce Phillips,111 Murray Dve,Murray Bridge,5254,85321706,3r,129.0,Wed 24/7/24,2025,6
Jeff Watkins,33 Rapid Ave,V Harbour,,402813472/85523695,1b+L+back R+WIR+mat,126.0,Thurs 22/2/24,2024,6
Richard Hatcher,U255/36 Hillier Road,Hillier,5116,85223539/408085739,L+2R,126.0,Mon 24/3/25,2025,6
Mr Clayburn,U18/35 Coleman Pde,Evanston Gdns,5116,85237418,LDH,119.0,Mon 29/9/25,2025,6
John Raison,3 Bedford Crt,Goolwa Nth,,85553337,L2b,114.0,Mon 27/10/25,2025,6
Ann Mathews,U43/35 Coleman Pde,Evanston Park,400610117,85237443/400610117,L+2br walkways,111.0,Mon 15/1/24,2025,6
Mrs Mary Lovegrove,U24/1215 G J Rd,Hope Valley,,82636437,3r,111.0,Thurs 25/1/24,2025,6
Mrs Wood,90 Fenchurch St,Goolwa,5214,85551486,LB+3 tiny mats,101.0,Thurs 22/1/25,2025,6
Juliene & James Vandepeer,1239 Maitland Rd ,Ardrossan,EFT ,88373269/438032418,3 rooms+L$169 white rug$50Long blue sofa$249,503.0,Mon 28/4/25,2025,5
Cheryl Moore,207 Warnertown Rd,Port Pirie,418192909,418192909,6 seater rino $240+4 rugs,387.0,Wed 29/5/24,2024,5
Annette Gilson,33/7 Liberman Close,Adelaide,5051,419810535,3bH/stairs+lounge downstairs,352.0,Thurs 24/4/25,2025,5
Trevor,17 Clair St,Largs Bay,,84494259/428815909,4bLD+L downstairs+34 steps,340.0,Fri 19/1/24,2025,5
Emma White,33 16th St,Orroroo,139,439131514,3r ,310.0,Thurs 30/5/24,2024,5
June Turner,72 Trimmer Pde,Seaton,5023,84458030/437888138,2r$120+3seater$140,309.0,Thurs 13/11/25,2025,5
Colleen,3 Clifford St,Ascot Pk,5043,82769762,L2b+2x2 fabric,272.0,Tues 4/6/24,2024,5
Helen Duncan Stacey,17 Harriet St Strathalbyn,Strathalbyn,5255,416075052/85363069,LD+1R+P rooms+ B & B (1R),225.0,Thurs 27/4/23,2025,5
C Carter,58 Fairview Tce ,Clearview,,82625415,3 chairs scotch+all carpets,221.0,Wed 23/7/25,2025,5
Jenny Pritchard,8 Markland St,Milang,,407793746,2 seater+chair$110L rug+2runners$100,219.0,Mon 27/10/25,2025,5
Kevin & Sharyn Smith,47 Mitchell St East,Seaton,EFT paid,447781812,3R+ 2seater+ rug,199.0,Thurs 26/10/23,2025,5
Tony & Janne Nelson,U162/18 Montpellier Tce,Pt Elliott,5212,85543626/408976670,3br+1 xtra large rug+1 runner+2 mediuam rugs+1 sma round mat,198.0,Tues 28/10/25,2025,5
Deidre Norman,U4/14 Ormond Ave Daw Pk,Daw Pk,5041,82763486/0434344767,2 setaer+rug+B,192.0,Tues 25/2/25,2025,5
Leela Goodman,42 Thornton Dve,Greenwith,EFT Paid,83691002/0427052675,3b+L+off,190.0,Fri 7/11/25,2025,5
James Eming,6 Little Corella Crt,Murray Bridge East,5253,410651432,3r+L+h,188.0,Tues 13/2/24,2024,5
Mrs Sadler,7 Albion Dve,Strathalbyn,5255,85362372/477782441,1 room,184.0,Thurs 9/05/2024,2024,5
Helen Daulby,33C Fidock Rd,Goolwa Nth,,437238568,leather lounge+2rugs,182.0,Thurs 3/7/25,2025,5
Chris Collier,U31/33 Golden Grove Road  ,Ridgehaven,,415200351,2 rec;iners,174.0,Thurs 16/5/24,2024,5
Chris Freeman/John,1 Burnard St,Normanville,438843278,85582514/407796732,LB+1 rug,169.0,Wed 20/11/2024,2024,5
Lorraine Potts,25 Wattle Rd,Wilmington,400994459,None,"br walkways,1 main br,lounge r,1 br,",169.0,"26/2/22 not now,10/4/21 call in 3 months has dogs",2025,5
David Smoker,U119/18 Montpellier Tce,Pt Elliott,5212,85542174/417465989,3B+study + 2 rugs,165.0,Tues 17/12/24,2025,5
Peter Wilson,7 Ferguson,Crystal Brook,,86366252/418366252,Lounge ,165.0,Wed 30/7/25,2025,5
Jill Kerr,272A Lower Athelstone Road,Athelstone,5076,414914386,4br+P,163.0,Thurs 6/11/25,2025,5
Jan White,11 Tuscany Way,Woodcroft,5162,434815957,LDP+2b,160.0,Thurs 14/11/24,2024,5
Clayton Waterman,609 Survey Rd,Melrose,,429180087/86665203,2br+1 large rug,157.0,Wed 18/9/24,2024,5
Wendy Blight,U43/1 Lynn St,Aberfoyke Pk,,408850719,2r+sm H+D+L,154.0,Mon 23/9/24,2024,5
Esther & Phillip Smith,14 Eagle Hawk Rd,Modbury,,402096794,LD+br walkways only,152.0,Wed 15/01/25,2025,5
Leslie Briggs,U12/192 Liverpool Rd,Goolwa,5214,85555241,2 rugs+office,152.0,Mon 27/10/25,2025,5
Sylvia Smith,Villa 4/2 Ocean Rd,Hayborough,5211,488381444,2r+3r,150.0,Wed 7/2/24,2024,5
Wendy Turbul / Mrs West,12 Ayr Court ,Semaphore Pk,Leather Lounge,438823568,3r+1 rug ,147.0,Wed 21/8/24,2024,5
Carmel Schofield,15A Allchurch Ave,North Plympton,,83513843,3br+rug+6 dining chairs,143.0,Mon 17/2/25,2025,5
Alison Jefferies,U103/18 Cross Rd,Myrtle Bank,,408547109,LBH,141.0,Fri 13/9/24,2024,5
Kevin Scheer,U109/35 Coleman Pde,Evanston Pk,,85237509,LD+P+2b walkways,140.0,Wed 6/11/2024,2025,5
Mrs Tham,30 The Parkway,Victor Harbor,5211,85525394,2R+P+area in L,140.0,Wed 7/8/24,2025,5
Lillian James,U50/7 James Place,Moonta,,88252544,L+B+1br+P,139.0,2024-04-24 00:00:00,2024,5
Susan Pavia,U68/28c King George St,Hove,R/C,421918055,4r,137.0,Mon 13/5/24,2025,5
Glenda Shepherd,7 Lorrikeet Ave,Murray Bridge,5254,419213780,3r+Hshe asked  gave her price,133.0,Mon 20/10/25 ,2025,5
Julie Chapman,15 Queen St,Peterborough,,458539730,L+2br,132.0,Tues 29/7/25,2025,5
Vicky Johnson,11 Roberts Ave,Balaklava,,new phone475063717,3r+x room,131.0,Mon 13/10/25,2025,5
Wendy Gardener,U6/3 Cashel St,Pasadena,5042,81795606,DLH+sm mat,131.0,Wed 10/7/24,2024,5
Helvi,U149/9 Happy Valley Dve,Happy Valley,,83922749,3r,130.0,Mon 10/2/25,2025,5
Pam Fletcher,U/86 50 Woodcroft Dve M/Vale,Morphetvale,,83226817,PLDB,130.0,Mon 27/5/24,2024,5
Margaret Johnson,13 Roberts Ave,Balaklava,,400207134,2r,122.0,Mon 13/10/25,2025,5
Maureen& Ray Krause,120/7 Sommer Pl,Pasadena,,82777084,LDH,121.0,Tues 22/7/25,2025,5
Barbara Medina,U144/9 H V Dr,Happy Valley,22/7/24 not now call in Dec 24,83922744,2b+L,116.0,Thurs 14/10/21,2024,5
Ann Steward,U1/10 Don Ave,Seacliff Park,5049,423529773,L2r+P,113.0,Tues 25/3/25,2025,5
Beth Marsh,15/3 Cashel St,Pasadena,5042,81795615,dbl,112.0,Thurs 2/10/25,2025,5
Sandy,2542 Bull Creek Rd,Tooperang,5210,427336492,L+back roo+2 rugs,112.0,Wed 4/9/24,2024,5
Jim Schroeder,U106/50 Woodcroft Dve,Morphettvale,5162,83871197,1b2little r+sitting r,109.0,2025-01-09 00:00:00,2025,5
Mrs Hawes,U219/Glenoth Dve,Happy Valley,,83922819,2brug,107.0,Tues 14/5/24,2024,5
Mr Rasmas,15 Mullins St,Pasadena,,412870794,B+H+L,106.0,Tues 22/7/25,2025,5
Mrs Val Moody,17 Seymour Tce,Ascot Park,,82774080,LDP,106.0,Thurs 16/1/25,2025,5
Don Amess,29 Lodden Rd,Murray Bridge,5253,85312918/466644257,L+H+b,100.0,Wed 24/7/24,2025,5
Kadina,"21/7/20 call next time there,bked 1/2/20",12.30pm,Vony,Suki,Kadina,5554.0,42 Lipson Ave,2024,4
Joanne Linke,253 Wells Rd,Tiddy Widdy Beach,,407727725,3seater+3seater+ottoman$265 4rooms$129+2 rugs$60,690.0,Wed 4/12/24,2024,4
Jan Wheal,7 Martin Rd ,Yankalilla,,408832334/85583437,2LXrugs$100+med rug$25+sm mat$10 B+sp R+WIR$1593 L settes bottom cleaning $120,507.0,Thurs 6/3/25,2025,4
Mrs Tilly  Darley,109 Grant Ave,Toorak Gdns,5065,84311222/0411770664,l+1rug+2runners+1 sm rug $100+17steps$59.50+3 seater suede $105 +1 chair $20+ 2 more rugs $20,404.0,Mon 3/6/24,2024,4
Lorna Howieson,16 Tidewater St,Aldinga Beach,5173,427581120,4 seater+1arm chair+all mats+steps,401.0,Tues 4/2/25,2025,4
Mr Adrian Lange,31 Ludgate Hill Rd ,Aldgate,5154,83395981/488178552,3R+4 n half seater,368.0,Mon 28/7/25,2025,4
Julie Taylor,69 The Oaks Parade,Aberfoyle Pk,,431297053,"10 steps , Large Loune+office+br",334.0,Mon 23/6/25,2025,4
Abbey  & Rudy Franceschinel,337 Blockers Rd ,Myponga ,New,419858928/456758137,6 seater+2 bedrooms,325.0,Thurs 23/1/25,2025,4
Gail & Nel Reuter,101 Fencchurch St,Goolwa,,85553194/427521443,Upstairs & downstairs all carpets,316.0,Thurs 21/11/2024,2024,4
Jane Radunz,36 Rockhampton Lane North Adelaide,North Plympton,Hipages,419862109,2 sofa 2 seater each$200+16 step$80s+2 rooms upstairs$159,300.0,Mon 26/8/24,2024,4
Pat Beggs,U157/9 Happy Valley Dr,Happy Valley,219,407884451,1 large 2 seater@$40 ea+2 recliners@$40 ea+4 brown cubes+1 green cube@$30+ carpets?,296.0,Mon 25/11/2024,2024,4
Chris Casey,103 Moscow St,Peterborough,,448550200,4seater+LH,294.0,Thurs 19/9/24,2024,4
Naomi Fewings,247 Lady Gourie Dve,Largs North,5016,82425368/400121071,3brh+hall rinner+2 rugs+ cloth bed head,287.0,Wed 1/5/24,2024,4
Sue Rodgers,9 Ashby Ave,Blackwood,suerodgers67@gmail.com,417873788,piano r+L+1 br,257.0,Thurs 22/1/25,2025,4
Fay Yates,U14/3 Cashel St,Pasadena,5042,81795614,3 recliners$150LDB$1592recliners$802b+off+L$139+rug$25,246.0,Mon 11/11/2024,2024,4
Janet Welch,U10/29 Delfin Dve,Delfin Island,West Lakes,84497361,2 lounge chairs+LP+2b,230.0,Wed 29/1/25,2025,4
Margaret Scrimshore,U4/14 Victoria St,Payneham,,488140200,LP+2b,221.0,Mon 14/4/25,2025,4
Mrs Eilleen Bury,U44/25 Parker Ave,Strathalbyn,,85362739,4 seater+L room,216.0,Thurs 9/11/23,2024,4
Yvonne Stone,4 Huntingdale Dve,Normanville,,419820046,4mats$252xtra rooms$803br+2big mats $189,216.0,Tues 17/12/24,2024,4
Tracy Innes,4 Maynard Crs,Parafield Gdns,,412924804,3 sm r+r+2sm runners +sm mat,213.0,Wed 25/9/24,2024,4
Jan Carpenter,Unit3/14 Victoria St,Payneham,,404933868,3r+P,197.0,Mon 14/4/25,2025,4
Sunny,29 Cascades Dr,Mawson Lakes,189,405744287,Upstairs $149 stairs 15x5 $75,186.0,Wed 19/6/24,2024,4
Mrs Kevyna Gardner,9 Virgo Tce,Balaklava,EFT-Paid 21/7/20,88621760/0438621761,2 large rugs lounge+3 smaller rugs in bedroom +runner,185.0,Tues 14/11/2023,2025,4
Edwina Lee,21 Perth St,Pt Noarlunga South,5161,5161,5r,172.0,Tues 4/2/25,2025,4
Barbara Boxer,U33/3 Cashel St,Pasadena,,81795633,2br study D+L,170.0,Thurs 2/10/25,2025,4
Mrs Mal & Bev Phillips,17 Stephens Dve,Ridgehaven,5097,83960090/417810655,2brPFLoung room,164.0,Wed 15/1/25,2025,4
Anthea,30 Shannon Tce,Maitland,,427161921,2b+study+L+1 runner+3mats,162.0,Thurs 5/12/24,2024,4
Pat Baker,U3/6 North St,Henley Beach,,411048386,LD+blood stains,162.0,Tues 11/2/25,2025,4
Wendy Gooch,U159/9 Happy Valley Dve,Happy Valley,,83922759/498650126,LB+D+office,162.0,Tues 17/6/25,2025,4
Ingrid & Hans Brickell,U1/24 Gardiner St,U219h,5214,85552827/0408118224/419217116,LD,157.0,Thurs 9/05/2024,2024,4
Madeline Lloyd,U18/17 Wilmett Rd,Goolwa Beach,5214,85555673,LD+sm H,157.0,Wed 8/05/24,2024,4
Nanette Hancock,U153/9 Happy Valley Rd,Happy Valley,,72005419,3bL+mat,152.0,Tues 13/4/21,2025,4
Pam Streames,U73/35 Coleman Pde,Evanston Park,,85237473/407727761,1br+L+H,150.0,Thurs 28/11/2024,2024,4
Ron & Pam Shipard,U34/7 James Pl,Moonta,,88252715/428849907,LoungeDining,150.0,Tues 29/4/25,2025,4
Julie/Chris,U1/2 Michael St,Encounter Bay,5214,                                                                                                                                                                                                                                                                                                                                                                                                                                                                                                                                                                                                                                                                                                                                               ,Large L+2b next time $159,147.0,Wed 7/8/24,2025,4
Helen  Waterman- Clayton's mum,21796 Horrocks Highway,Melrose,chq,417665203,2br+ 1 stain+ 1 rug,144.0,Thurs 22/5/25,2025,4
Pam Hill,40 Park Ave,Semaphore South,,423005373,LB,144.0,Wed 8/10/25,2025,4
Linda Christine Morris,U27/1A Lyn St,Aberfoyle Pk,5159,408210950,P+2br,142.0,Tues 8/7/25,2025,4
Margaret Bond,59 Norman Ave,Normanville,5204,422740452,LDPB+off,142.0,Wed 20/11/2024,2024,4
Yvonne Scrutton,6 Manistry Dve,Yankallila,90,85582810,2 r,140.0,Thurs 13/7/23,2024,4
Jenny Fletcher,15 Tamoshanter Pl,Mccracken,,85522040/448522040,4r,137.0,Thurs 6/3/25,2025,4
Annette & Leon Harvey,19 Lambert Ave,West Lakes,99,84492359/411349567,LD,136.0,Wed 6/09/2023,2025,4
Margaret Ainsworth,U100/35 Coleman Pde,Evanston Gdns,,85237500,L2b+P$129,136.0,Mon 24/3/25,2025,4
Barry Bruce,16 Waring St,Kadina,5554,88211142,2BR+office + P,135.0,Thurs 5/12/24,2024,4
Carol Parker,U30/30A Norfolk Rd,Marion,,417824673,2br+study,134.0,Tues 12/11/24,2024,4
Mr Ian Jurgs,U102/3 Cashel St,Pasadena,,456390056,L+B,134.0,Thurs 23/05/2024,2025,4
Meriel Lane,19 Humphries St,Balaklava,,428499856,1 rug,130.0,Mon 13/10/25,2025,4
Rhonda Johnson,U5/25 Parker Ave,Strathalbyn,,400735619,,129.0,Wed 9/11/23,2024,4
Bonnie Brown,U84/1 Maud St,Victor Harbor,,85528083/422547877,L+P+D+2b,127.0,Wed 23/10/24,2024,4
Janice Lyons,U11/9 Happy Valley Dr,Happy Valley,,83922611,LDBr,127.0,Thurs 6/6/24,2024,4
Mrs Iva Wakefield,U41/199 Frederick Rd,Seaton,,83530234,LB Blood stains,127.0,Tues 16/7/24,2024,4
Helen Sarah,U63/28C King George Ave,Hove,,437324755,LS,126.0,Tues 14/10/25,2025,4
Val Jackson,26 Melville Tce ,Murray Bridge,5253,85324342,L+D+1br,125.0,Wed 2/10/24,2024,4
Heather Maxwell,U2/24 Gardener St,Goolwa,,407891832,L2r+wir,124.0,Fri 23/2/24,2024,4
Wendy Grindle,U18/3 Cashel St,Pasadena,,434299818,LB+D+half P,122.0,Thurs 2/10/25,2025,4
Mrs Marlene Cooper,25 Shannon Crt,Bridgewater,,83396895,LD + all entry points,119.0,Wed 23/7/25,2025,4
Grace,U1/10A Henry St,Morphetville,,82957809,L1b+rug,118.0,Tues 20/8/24,2024,4
Elizabeth Dickson,8A Branksome Tce,Dover Gdns,5048,82986596,study1b+sq,117.0,Tues 7/3/23,2024,4
Jenny Wallace,U97/17 Wilmett Rd,Goolwa,,403238125/85552765,LD+2br,117.0,Wed 2/4/25,2025,4
Mr Langley,U145/35 Coleman Pde,Evanston Pk,5116,85237545,3r,117.0,Thurs 9/3/23,2025,4
Mrs Kay Thomas,U117/33 Golden Grove Rd,Ridgehaven,,82648590,LD+1rug,117.0,Mon 24/06/2024,2024,4
Mrs Kerry Wood,90 Eve Rd,Bellevue Hgts,chq,82787242/408823437,Off +H+B,114.0,2024-10-09 00:00:00,2024,4
Helen Hewett,8 Eyre Cres,Valley View,,412187435,Lrumpus+H,112.0,Mon 3/6/24,2024,4
Jan Wass,Villa 9 /71 Gloucester Ave,Belair,,414946883,ld+2 small br,112.0,2025-02-20 00:00:00,2025,4
Mr Rick Yates,U189/18 Montpellier tce,Pt Elliott,,85543847/413246173,3r+rug,112.0,Thurs 3/7/25,2025,4
Mrs Lorraine Johnson,22 Cumberland Cres,Huntsfield Hgts,100,83265113,LH2b walkways,110.0,Tues 6/8/24,2024,4
Mrs Carmel Scott,13 Canis St,Hope Valley,ld 18/7/19,409768268,LH+2mats,108.0,Thurs 26/6/25,2025,4
Mrs Meriel Clark,30 Hampstead Rd,Broadview,5083,82696421,1rug+2runners,108.0,Thurs 13/2/25,2025,4
Mrs Schubert,U39/17 Wilmett Rd,Goolwa Beach,,85553176,LDP+2br,107.0,Wed 23/10/24,2024,4
Rachael Cummingham,17 gothic rd ,Belleview Hgts,,82781709/438278170,2R,107.0,Tues 29/10/2024,2024,4
Marion Gates,U10/7 James Place,Moonta,110,88251955,3 rugs,106.0,Tues 29/4/25,2025,4
Meg Taylor,9 Bond Ave,Victor Harbor,5211,85521591,LP+2br,84.0,Tues 13/7/21,2024,4
Mr Malcolm & Mrs Thomas,30 Anthony St,Henley Beach,83535886,upstairs-LB+sm H+downstairs Rug+LB+Landing+14steps,,336.0,Mon 17/3/25,2025,3
Martin & Leonie Lloyd Smith,12 Old School Rd,Merriton,,86366238/437166270,2T+P,323.0,Wed 29/5/24,2024,3
Jill Linke,34 Blackpoint Dve,Blackpoint,,409373289,large 2 seater+B+1rugs,306.0,Wed 16/10/24,2024,3
Jenny Bowman,20 Catt Dr,Strathalbyn,,448812996/44882679,"1 leather chesterfield, 1 other one desk chair swivel, fabric 3 seater",270.0,Thurs 12/10/23,2024,3
Julian & Mince Hill,13 Tomkinson Rd,Semaphore Pk,,418926735,,269.0,Tues 21/5/24,2025,3
Lynn James,17 Lockaba Drive,Willyaroo,,437996671,5R+H,260.0,Wed 30/8/23,2025,3
Arrinne Wynen,U150/3 Cashel St,Pasadena,,437763339,3r+xtra area in Lounge,247.0,Tues 7/10/25,2025,3
Mrs Bruce & Heather Partridge,54 Marchant Rd,Strathalbyn,,85363630/400266600,l big mat + 2 br,246.0,Wed 2/4/25,2025,3
Patricia Lorybottom,119 Seaview Rd,Yatala Vale,,448681862,3 seater+single$179 2 chairs $60,235.0,Thurs 22/8/24,2024,3
Norm and Mary Schissons,11 Heathcite St,Normanville,,85583498/437764280,3r+P+rug+mat,230.0,Thurs 9/10/25,2025,3
Helen/Grant,14 Rachata Rd,Highbury,,412848213,Up 3b+H+Ldown master B,203.0,Fri 24/5/24,2024,3
Theresa,1A Rugby St,Dover Gdns,,82982836/420419650,Dover Gdns,202.0,Thurs 1/8/24,2024,3
Sharon/ Simshar S Young,7 Ambulance Rd,Verdun,5245,83887152/405370301,Lbaby R +office+hall,196.0,Tues 27/8/24,2024,3
Lee Ann Malcolm,27 Knott St,Melrose,,404088218,1R,194.0,Wed 18/9/24,2024,3
Kate,74 Martin Rd,Inman Valley,5211,434846909,3r+study+l+2 large rugs+2 sm mats,192.0,Thurs 25/5/23,2024,3
Mrs Rosemary Dunn/Gavin,73/75 Gilbert St,Tarlee,,85285284/85288330,LBP+office +H,191.0,Fri 28/6/24,2024,3
Barbara Thompson,1 Gregory St,Seaview Downs,5049,82969587,BHL$1292 leather recliners$80,189.0,Tues 30/4/24,2024,3
Chris Mernel,4 Lassie Ave,Windsor Gdns,,434612552,LDMat$129 counch $100,186.0,Tues 30/1/24,2024,3
Harry/Lorris Knowles,U15/1A Lynn St,Aberfoyle Pk,,432203499,2 reclibners+carpets,186.0,Mon 5/5/25,2025,3
Ann Evans,21 Stokes Cres,Kidman Pk,,83560480,3b walkway LD,183.0,Fri 28/2/25,2025,3
Allan & Ann Anderson,U70/17 Wilmett Rd,Goolwa Beach,5214,0419846483/85551360,L study+1 runner,180.0,Mon 27/10/25,2025,3
Jill Dickson,12 Roberts ,Balaklava,,417860976,walk are+l + little bit hallway,173.0,Thurs 10/7/25,2025,3
Mary Enright,U44/111 Cox Rd,Aldinga Beach,,85574091/478641138,130,170.0,Thurs 9/10/25,2025,3
Dafna Mathews,21 Princess Ave,Greenacres,Katelina lived with Dafna,452531988,,169.0,Tues 20/2/24,2024,3
Lisa Helen Whittingha,17 Mayford Ave,Hope Valley,Suki-EFT-Paid,432774642,L+3br,166.0,Wed 22/10/25,2025,3
Marie,7 Lawrence Pl,Pt Augusta,,86425756/448007545,3br+L+P,163.0,Wed 29/5/24,2024,3
Mrs Janice Benton,U26/3 Cashel St,Pasadena,5042,81795626,LB+5rugs,163.0,Thurs 23/05/2024,2024,3
Rae,Caravan 26,Hindmarsh Island,,407727985,,163.0,Tues 10/10/23,2025,3
Margarit & Jack Winston,194 Canterbury Rd,Victor Harbor,,417585397,LH$1292 seater$90,162.0,Fri 10/10/25,2025,3
Muriel Bloomfield,U2/48 Margate St,Brighton,,459689654,,160.0,Thurs 20/3/25,2025,3
Trevor Bartlett,197 Glenloth St,Happy Valley,EFT - Paid 6/3/21,433962250,HDS,159.0,Tues 22/4/25,2025,3
Mrs Arthur,U137/1 Phillip Ave,Victor Harbor,5211,85524254,3R+L+D,157.0,Thurs 3/7/25,2025,3
June Hill,1 Jenny Pl,Grange,,410339755,FH+1br,156.0,Wed 26/3/25,2025,3
Paul Weinert,6 Newcombe Rd,Westlakes Shore,,428198708,2 mats 1 br,153.0,Tues 4/11/25,2025,3
Steve Arnold,4 Sovereign St,Hallet Cove,Wed 4/2/15,408853575,LD+B+2sm rug,153.0,Wed 12/2/25,2025,3
Rae Roberts,Villa 23/71 Gloucester Ave,Belair,,82787008,ld+2 small br,151.0,Thurs 15/2/24,2024,3
Annette Burgan,27 Wearn Cres,Kadina,5554,88213525/407970724,LDTiny P+1B+LD,146.0,Thurs 5/12/24,2024,3
Jan& Davey Lloyd,U160/9 Happy Valley Dve,Happy Valley,5159,83922760/414931950,BLD,146.0,Thurs16/01/2025,2025,3
Dawn Leopold,U21/3 Cashel St,Pasadena,,81795621,,142.0,Wed 29/10/25,2025,3
Dulcie Haynes/Dorothy,123/7 Sommer Place,Pasadena,,418110087,LD+H,140.0,2025-01-21 00:00:00,2025,3
Julian Kernick,U144/3 Cashel St( outside not in the gate),Pasadena,81795744,81795744,DH+L+H+B,140.0,Mon 17/2/25,2025,3
Mrs Woon,18 Craig St,Tarlee,,85285321,LHDP,139.0,Fri 28/6/24,2024,3
Jackie Andjelkovic,3A Wesley St,Lower Mitcham,5062,438039367,LB+Off+2 mats,127.0,Tues 26/11/2024,2025,3
Roland/Bev Schultz,U16/5 Moore St,Pasadena,,409764338,1b+l rug,127.0,Fri 1/8/25,2025,3
Mrs Marilyn Flanagan,U1/3 Crocker St,Goolwa,,428552322/85552322,3r+P,126.0,Tues 28/10/25,2025,3
Mrs Jean Davies,U19/21 Adelaide Rd,Mccracken,5211,85524511,1 large lounge,125.0,Thurs 9/10/25,2025,3
J Rogodrer (Judith Roger?),U18/5 Moore St,Pasadena,5052,82781074/417858974,2br+1 rug,123.0,Mon 9/12/2024,2024,3
Margaret Brisbane,U40/3 Cashel St,Pasadena,81795640,81795640,DPBR(walkway),123.0,Mon 23/1/24,2024,3
Mrs Jan Jones,6/1089 N E Rd,Ridgehaven,5097,83961046/401267676,ld+tiny p+little room+sctchguard,123.0,Tues 5/11/2024,2024,3
Pat Kennedy,9 Bertie St,West Hindmarsh,5007,412573719,LB+D,120.0,Mon 13/01/2025,2025,3
Mrs Mcainsh,7 Hasting St,Normanville,5204,85582003,L+long H+B+little mat NC,119.0,Wed 20/11/2024,2024,3
Mrs Jo & Terry Evers,8 2nd Ave,Moana,,431472011/83862213,LD+1R,117.0,Fri 1/8/2025,2025,3
Tony & Kay Finn,20 Sixth St,Quorn,,429486172,LD+1BR+H,117.0,Fri 23/5/25,2025,3
Mrs Powell,24 Hilltop Ave,Ridgehaven,5097,82642518,1 recliner,116.0,Tues 22/10/24,2024,3
Valerie Linden,U77/17 Wilmett Rd,Goolwa Beach,5214,401728847,3 setaer whote fabric$150+1 chair $25,112.0,Wed 2/7/25,2025,3
Roma Lawler,U79/9 Happy Valley Dr,Happy Valley,,83922679,1R+L+T,109.0,Wed 19/2/25,2025,3
Elizabeth & Robert Basedow,4 Corella Pl,Tea Tree Gully Angas Pk Dr,,420414100,1 rug+ front room,103.0,Thurs 11/4/24,2024,3
Sevan Semonian,57 Dalton Ave,Aldgate,,429947471,LDH+B$159,487.0,Fri 6/12/24,2024,2
Rebecca & John Bagusauskas,15 Fairview Cres,Ridgehaven,,403948236,5 seater+4seater,470.0,Tues 3/12/24,2024,2
Clare Waldron,66 Tuscan Rd,Golden Grove,,418601965,1b+off+rugs+5seater,364.0,Fri 21/02/2025,2025,2
Tina Kypvianou,U5/7 Station Ave,Blackwood,,427581333,,349.0,Wed 1/11/23,2024,2
Lydia,7 Farr Tce,Glenelg East,,401000160,Loung suite+sm rug+sm r upstairs,344.0,Wed 14/2/24,2024,2
Mrs Janet Ellen,19 Clark St,Pt Noarlunga,,83824272,L2b+1b+15steps+landing,326.0,Tues 30/9/25,2025,2
Laurie Church,560 Goodwood Rd,Goodwood,,400285697,,304.0,Tues 27/5/25,2025,2
Robert Wade,U55/7 James Pl,Moonta,,419030573,2 seater+2br,284.0,Wed 4/12/24,2024,2
Michelle Parks,12 Addison Rd,Hove,,413154239,3 seeater+2seater leather lounges,260.0,Thurs 7/11/2024,2024,2
Ryan Fletcher,12 Broadbeach Dr,Carrickalinga,,417810530,1 rug+ stains+2 seater+ 1chair+1 ruuner(forgot to charge),249.0,Thurs 23/3/23,2024,2
Sharon,47 Mitchell St East,Seaton,5023,82430219/447781712,3R,224.0,Tues 7/10/25,2025,2
Helen Alexander,50 Beach St,Grange,,422681664,"1 big carpet rug wine spill, long rug in hallway persian runner, 1 office+ 1 br",219.0,Thurs 7/11/2024,2024,2
Margaret Stockle,U38/3 Belperio Court,Paradise/Thorndon Pk,,407045696,2br+ study$109 + lounge chairs$120,214.0,Fri 10/5/24,2024,2
Raj Manik,8 Greys Crt,Oakden,,431770410,4br+mat,205.0,Fri 11/10/24,2024,2
Marylene Jones,33 Keyes St,Linden Pk,,83791227,2bLrug$130+8 mats$90,204.0,Wed 27/11/24,2024,2
Terence & Kathleen Cody,28 Meadowvale Rd,Athelstone,,418857857,2 lounges+ 3 runners,202.0,Tues 28/5/24,2024,2
Rhonda Cheek,177/9 Glenoth Rd,Happy Valley,,83922777,1b+H+D+1armchair,194.0,Mon 24/02/2025,2025,2
Glenda,U1/9 Sunglo Court,Teringie,,422640017,,190.0,Thurs 15/2/24,2024,2
Madelyn Jenkins,13 The Crescent,Victor Harbor,,419526182,2br up + 2 br down,190.0,Thurs 13/06/2024,2025,2
Winnifred Dunning,U14/9 Happy Valley Dve,Happy Valley,5159,83922614/401861001,LD+B+foyer+runner+mats,190.0,Fri 10/3/23,2024,2
Ellie Bell,U75/28c King George St,Hove,,488367425,,189.0,Wed 18/6/25,2025,2
Rhonda & Robert Cheek,177/9 Glenoth Rd,Happy Valley,,83922777,2 chairs+L3b,189.0,Tues 16/5/23,2024,2
Mrs Lori Eckert,U17/ 7 James Pl,Moonta,,428253637,LD+2bs,184.0,Thurs 17/10/24,2024,2
Patricia Bradshaw,26 Londonderry Ave,Salisbury,,408301042,3b+L+sq,184.0,Fri 15/11/24,2024,2
Cally McCullan,507 Reichstein Rd,Melrose,,86662007/408666838,L+1B+P,179.0,Thurs 22/5/25,2025,2
Fay Water,U158/9 Happy Valley Dv,Happy Valley,,402550144,3br+rug in L,174.0,Wed 18/6/25,2025,2
Pat & Michael Barkway,28E Esplanade(entry via Dover Pl),Christies Beach,,419857248,,174.0,Thurs 23/2/23,2024,2
Belinda Turner,388 Bayliss Rd,Tatachilla,,83237687,L+P+1 rug,172.0,Wed 10/7/24,2024,2
Laurel Higgins,16  Wilson St,Mansfield Pk,427602501,None,BHL $159 paid $200,170.0,Tues 19/11/24,2024,2
Lara McCarron,Madsen St Caravan Park,Hindmarsh Island,,85552234/0423229441/413380113,,165.0,Thurs 8/5/25,2025,2
Mrs Barbara & David Wunder Sitz,U101/17 Wilmett Rd,Goolwa Beach,5214,85555638/429837010,L+2 br,164.0,Wed 4/9/24,2024,2
Judy Wallis,45 Renown Ave,Victor,5211,85524074/418205522,LD+2b+1p,162.0,Thurs 5/9/24,2024,2
Dianne Barnes,11 Parrell St,Seaford Meadows,,400774027,3b,160.0,Wed 7/5/25,2025,2
Rhonda Taylor,U43/199 Frederick Rd,Seaton,,83560509/452543199,Seaton,160.0,Tues 4/11/25,2025,2
Beverley Fitzpatrick,6 Abbot Ave,Mclaren Vale,,83238502,2L+Rug,159.0,Tues 31/1/23,2025,2
Carol Johnson,15 Stevens Dr,Ridgehaven,Suki,82645463,Off++L+H+B,159.0,Wed 22/10/25,2025,2
Mrs Bob Mcmurtrie,16 Hampton Cr,Largs Bay,95,84497500,1bLD+P,159.0,Tues 16/7/24,2024,2
Margaret Edmonton,U35/33 Golden Grove Rd,Ridgehaven,,None,,155.0,Wed 15/1/25,2025,2
Irene Butt,U32/1 Phillip Ave,Victor,,85528782/416629579,DL+H+Main Br+walk in space,154.0,Wed 4/9/24,2024,2
Julie Nettle,26 West Tce,Laura,409907748/Julie: 428632387,86632387,LB+P,154.0,Tues 13/8/24,2024,2
Leslie Whyton,U480/1075 G J Rd,Hope Valley,,413525549,2b+rug,154.0,Mon 24/06/2024,2024,2
Zac Bruce,22A Moonta Road,Moonta,,484329495,3r+2 mats,154.0,Tues 29/4/25,2025,2
Shirley Martin,44 Marine Pde,Kingston,,87672980,1brLD+blood stains,152.0,Thurs 3/10/24,2024,2
Adrian,99B East Tce,Henley Beach,,419814737,L2b+Off+rug+mat+2sm mats,150.0,Wed 9/7/25,2025,2
Carolina,2 Tapson Crescent,Pasadena,,412668345,2br+2mats,150.0,2024-11-04 00:00:00,2024,2
Marilyn  Jones,7 Baden Tce ,O'Sullivan Beach,5166,83821669,3r + 1 medium rugs,150.0,Thurs 2/5/24,2024,2
Mon To,14 Sutherland Rd,Ferryden Park,,423959164,up 3 rooms+sm P+ 17 steps,150.0,Tues 11/11/25,2025,2
Mrs Gaynor Jones,9B Farquhar St,Goolwa,5214,85555480,1 r,150.0,Thurs 5/9/24,2024,2
Peter Macklin-Shaw,161 brougham Drive,Valley View,,417897051/83961556,5093,150.0,Wed 23/4/25,2025,2
Cally Mccallum,507 Reichstein Rd,Melrose,149,86662007,LH+B,149.0,Wed 18/9/24,2024,2
Chris Kuchel,U61 Lynn St,Aberfoyle Pk,,417082560,,149.0,Mon 23/9/24,2025,2
Dennis/Janet Grant,3B Johnstone Rd,Oaklands Pk,,422494073,3b+2rugs,149.0,Thurs 7/11/2024,2024,2
Fay Mcintosh/DR Neil Adair,47 York Ave/Gloucester Ave,Belair,,82782400/437450240,xtra LB+xlarge LR,149.0,Wed 27/11/24,2024,2
Gay Watson,U11/29 Delfin D ,West Lakes,,402867919,2b+rug,149.0,Fri 12/4/24,2025,2
Rona Fey,U122/2 Symes St,Ashford,,81930122,2r+LD+H,149.0,Tues 30/4/24,2024,2
Christine/Jonathan (mother),U35/607 Grand Boulevard,Seaford Rise,,408606633,L+2br+rug,145.0,Tues 30/9/25,2025,2
John/Ann Dixon,U16/71 Gloucester Ave,Belair,,407783683/82783683,2bLD+sunroom,144.0,Wed 27/11/24,2024,2
Lynn Podolak,U91/35 Coleman Pde,Evanston Gdns,,85237491/412086460,Main bedroom+wir,144.0,Tues 8/4/25,2025,2
Mrs Val May Phillips,1 Hawk Rd,Murray Bridge,5254,85321504/407795706,3r+2rugs,144.0,Mon 20/10/25 ,2025,2
Jenny Hancock,6A Eton Ave Magil,Magill,Magill,431098484,83651152,142.0,Tues 23/7/24,2024,2
Ann Welfare,U19/71 Gloucester Ave,Belair,,477550464,2R,140.0,Mon 31/3/25,2025,2
Jan Hopkins,U108/12 Marina Ave,Belair,,427399441,2B+L+Lmat+4sm mats,140.0,Wed 5/11/25,2025,2
Margaret Tavener,49/12 Marina Ave,Belair,,407184718,LD+2b,140.0,Wed 5/11/25,2025,2
Robyn Hull,18 Grace ,Darlington,,448461954,1 rug+1 br,140.0,2025-01-21 00:00:00,2025,2
Winston White,U15/5 Moore St,Pasadena,,435133220,1b+rug+chair,140.0,2024-07-31 00:00:00,2024,2
Giles  & Charles Orr,U212/1 Mccharge Rd,Happy Valley,,419855447,,139.0,Mon 2/6/25,2025,2
Mrs Margaret Cox or Mackey,7 Olive St,Brighton North,,82981173,3b+1 rugs,139.0,2025-01-30 00:00:00,2025,2
Hilda Tapnee,33 Browning St,Tea Tree Gully,David -419851760,82647376,LB+mat(rug),134.0,Mon 14/4/25,2025,2
Kath Mcpheat,U127/9 Happy Valley Dr,Happy Valley,5159,403319486,3r+P,134.0,Fri 20/12/24,2024,2
Pamela Roberts,Villa 12/71 Gloucester Ave,Belair,,82787008/438872318,LD+1Br,134.0,2025-02-20 00:00:00,2025,2
Patricia Bulen,U119/Norfolk Rd,Marion,,427773807,,134.0,Mon 27/5/24,2024,2
Shirley Alderton,U10/1A lynn st,Aberfoyle Park ,,415706388,3r+h,134.0,Wed 30/10/2024,2024,2
Audrey Stewart,U2/2 Albert St,Hamley Bridge,,411222916,,130.0,Wed 25/1/23,2024,2
Doon Winnel,Villa 18/71 Gloucester Ave,Belair,,422024240,Blood stains,130.0,Mon 31/3/25,2025,2
Freda,21 Chrysler Dve,Holden Hill,,452516808,2-3 r quoted $159,129.0,Fri 12/5/23,2024,2
Judy Parks,12 Harwood Close,Encounter Bay,,415528540,3r+F walkway+1R+sm mat,129.0,Thurs 9/11/23,2025,2
Mrs Dean Wilson,U57/35 Coleman Pde,Evanston Park,5116,85237457,3 seater fabric,129.0,Tues 2/5/23,2024,2
April Roden,21 Marrata St,Carrickalinga,,5204,3r+1 large rug,125.0,Thurs 23/11/23,2025,2
Annette/John,41 Cooke St,Kingston,,87673138,LDB,124.0,Thurs 3/10/24,2024,2
Dennis,U61/28c King George Ave,Hove,419804013,82980661,2r,120.0,Wed 12/2/25,2025,2
June,U7/71 Gloucester Ave,Belair,,83383941,,120.0,2025-02-20 00:00:00,2025,2
Kay,U86/ Wilmett Rd,Goolwa Beach,,428545148,1 br+P,120.0,Fri 14/6/24,2024,2
Mr Marion & Ray Hardy,25 Lacrington St,Goolwa Beach,,85553787,L+study,120.0,Thurs 5/9/24,2024,2
Pat Raymont,Villa 47/3Gloucester Rd,Belair,,82786613,Dining area,120.0,Wed 5/11/25,2025,2
Rita Walden,U44/35 Coleman Pde,Evanston Gdns,120,85237444,3r,120.0,Mon 7/7/25,2025,2
Liz G,191 Glenloth Dve,Happy Valley,,83922791,,119.0,Thurs 27/6/24,2024,2
Bev,47 Anderson Rd,Bridgewater,,417170551,Runner +L+1 more,110.0,Tues 23/3/21,2024,2
Mrs Bradford,18 Ellis St Eden Hills,Eden Hills,,82785185,L&B,110.0,Mon 9/9/24,2024,2
Mrs Valerie Booker,Apt 69/28C King George Ave,Hove,,437429229,1 Lounge Room,110.0,Tues 14/10/25,2025,2
Peter,U90/33 Golden Grove Rd,Ridgehaven,5097,82634535,H+1br,110.0,Fri 13/9/24,2024,2
Mr Wilkinson,U97/9 Happy Valley Dve,Happy Valley,,83922697,2R+L+D+H,109.0,Wed 7/9/22,2025,2
Mrs Spantos,U46 Lyndoch Rd ,Gawler East,,85232834,1B+1L,109.0,Tues 8/4/25,2025,2
Vony,42 Lipson Ave,Kadina,,88213980/427213980,LP scotch,109.0,Friday 19/3/21,2025,2
Helen Waterman,U5/4 Chapel St,Glenelg,,417665203,,105.0,Tues 24/09/2024,2024,2
Ann Baars,U185/ Glenloth Dve,Happy Valley,,83922785,1 Rug,99.0,Wed 19/2/25,2025,2
Doreen Keeling,U65/17 Wilmett Rd,Goolwa Beach,,432944275,1R,79.0,Mon 20/2/23,2025,2
Rosslyn Dickson,U1/350 GJ Rd,Hope Valley,,405082053,1 rug,74.0,Wed 22/10/25,2025,2
Phillip,U3/2 Albert St,Hamley Bridge,,Neighbour,,40.0,,2024,2
Mrs Jan Crawford,U56/28c King George Rd,Hove,120,435413998,2R,,Thurs 1/8/24,2024,2
Jan Lecky,U24/3 Cashel St,Pasadena,,409770716,5042,409770716.0,Thurs 8/10/20,2025,1
Tilly,,,,None,,729.0,Mon 3/6/24,2024,1
Tony Michaels,1/117 The Esplanade,Henley Beach,,438567561,3x2x2x2$3605R$1892rugs$80,638.0,Fri 29/11/24,2024,1
Talitha Lisa-(Paid by Geoffrey Watson),20 Petworth St,Oakden,,82660442/413484302,3e+LD+L+H+mats$2802x2 fabric$190,480.0,Tues 11/3/25,2025,1
Cathy,10 Third st,Orroroo,,408594515,3r+2 Lounge room,450.0,Thurs 30/5/24,2024,1
Cathy White,37 A Irving Road,Aldinga,,408594515,3r,450.0,Fri 1/8/25,2025,1
Doug & Julie Steer,Russell Pl,Strathalbyn,,448402132,Foyer ent+main Hall + stage$269/D+Off+store room$129,449.0,Wed 2/7/25,2025,1
Dina & Robert Schubert,1669B Survey Rd,Melrose,$40 EFT,402917311,2 seater+3seater+L+rugs,390.0,Wed 14/8/24,2024,1
David & Gail  Mills,17 Catt Dr,Strathalbyn,,439812241/85918180,5seater+L+ 1BR+H+Br,369.0,Wed 2/07/2025,2025,1
Robyn Oertel,58 High St,Strathalbyn,,427236661,,368.0,Fri 6/6/25,2025,1
Mrs Reneira Sadler,7 Albion Dve,Strathalbyn,,85362372/477782441,1 room,338.0,Wed 2/4/25,2025,1
Helen Phillips,U26/ 7 James Pl,Moonta,,417088378,2nhalf fabric+2b+2large rugs+2sm mats,325.0,Thurs 17/10/24,2024,1
Jeff Oakley,Peterbrough Golf Club,End of Jervoice St,chq,None,,320.0,Thurs 19/9/24,2024,1
Chris Wilson,U2/102 Cross Rd,Highgate,,408840001,4r upstairs +1 sownstairs+1rug,319.0,Mon 12/2/24,2024,1
Chris Meinel,4 Lassie Ave,Windsor Gdns,,434612552,LH+rug$129 +couch$100 Back room $50 extra rug outside $30,309.0,Mon 3/02/2025,2025,1
Vicky Nutt,7 Michael Ave,Stirling Nth,,448007545,L suite$239 + rug$70,309.0,Thurs 30/5/24,2024,1
Bob & Debra Mcmurtrie,16 Hampton Cr,Largs Bay,95,84497500,chairs + carpets,299.0,Tues 18/2/25,2025,1
Gayle & Nel Reuter,101 Fencchurch St,Goolwa,,85553194/427521443,Upstairs & downstairs all carpets,288.0,Tues 28/10/25,2025,1
Pearly/Tony Michaels,Ebenezeer Lane,Adelaide,Prudence  Office,406336282,Office,280.0,Thurs 12/9/24,2024,1
Lee Daly,U9/1A  Lynn St,Aberfoyle Park ,,411370421,LP+main BR+2 seater+1,279.0,Wed 30/10/2024,2024,1
Mrs  Fraser,10 Cameron Rd,Klemzig,5087,82618676,2 large rugs+1 medium rug+1 medium runner+1 long runner,279.0,Mon 20/1/25,2025,1
Helen/Grant Minervini,14 Radiatta Rd,Highbury,,412848213,Up 3b+H+Ldown master B,259.0,Tues 3/6/25,2025,1
Jill,U83/35 Cooleman Pde,Evanston Park,,456499722,LDP+2 recliners,259.0,Mon 7/7/25,2025,1
Monica & John Turner,12 Melrose St,Maitland,,458188373,Large living are+2 leather recliners,250.0,Thurs 5/12/24,2024,1
Rosemary Taylor,13 Oleander St,Sth Brighton ,Kay,82965226/407718186,L Lounge+2br+Off+little area,250.0,Tues 21/10/25,2025,1
Angela Co,2 Cepernicus ,Christie Downs,,451812700,LBL+H,239.0,Thurs 29/8/24,2024,1
Leslie Burke,9B Marian Ave,Rostrevor,,413388092,,239.0,Wed 21/8/24,2024,1
Lynette Beard,5/2 Ocean Rd,Chiton,,408085109,3b+Hall runner,239.0,Fri 23/2/24,2024,1
Mary Cole,U62/12 Marina Ave,Belair,,421637072,4 dining chairs+carpets,239.0,Tues 24/09/2024,2024,1
Joan Marr,117 Noll St,Quorn,,439000326,4R+ 3 rugs,230.0,Wed 14/8/24,2024,1
Adrian(Paid by BD Kemble),99B East Tce,Henley Beach,,419814737,L2b+Off+rug+mat+2sm mats,229.0,Thurs 13/3/25,2025,1
Josie Coglin,U57/12 Marine Stave Butler Crt,Belair,Gate 4,None,B+3mats+1rug,224.0,Wed 11/11/24,2024,1
Ruth Harris,Villa 65/12 Marina Ave Gloucester St,Belair,,82784403,LD+Main Br+Sm Br+synroom+4 mats,220.0,Tues 25/3/25,2025,1
Keneatha Pick,U2/3 Strangeways Tce,Pt Elliott,,418987402,L+B+1 rug,219.0,Fri 23/2/24,2024,1
Melissa,10 Weetunga St,Fulham,412150125,None,5 n half seater fabric,219.0,Mon 19/2/24,2024,1
Sue Poole,57 Yettie Road,Williamstown,,429197667,3 sm br+1xcarpet aquare+8bedside mats,206.0,Fri 11/10/2024,2024,1
Judith Sorensen,U4/21 Adelaide Rd ,Mccracken,,85523995,L+mainBR+P,200.0,Thurs 9/10/25,2025,1
Julia Mcfarlan,U83/10 Marina Ave,Belair,,417389541,LDB+sunroom+1 large rug+mat $209 pd $200,200.0,Mon 25/11/2024,2024,1
Mrs Pat  Arthur Edward Cheadle,U14/21 Adelaide Rd ,Mccracken,,75224485,large rumpus room+2 br,200.0,Thurs 9/10/25,2025,1
Carmin & Graeme,11 Poltong Cres,Encounter Bay,9am,83703749,3 seater+2 seater leather,199.0,Wed 7/8/24,2024,1
Carmel Lawn,U14/30 Norfolk ,Marion,,417205391,,190.0,Mon 2/6/25,2025,1
Glen Fendler Paid by Mary J Ashenden,13 Headingly Ave,Hope Valley,,434953020,,190.0,Thurs 13/2/25,2025,1
Judith Lane,U42/ Gate 3 Gloucester Rd,Belair,,82788950,LD+sun R+B,190.0,Thurs 2/10/25,2025,1
Mrs Janice& David  Benton,U26/3 Cashel St,Pasadena,5042,81795626,LB+5rugs,190.0,Thurs 13/3/25,2025,1
Simone & Hans Brickell,U1/24 Gardiner St,Goolwa,,450452028,LD+B+mat,190.0,Thurs 22/1/25,2025,1
Helen Brown,Villa 21/71 Glouceste rAve,Belair,,428830445,Sunroom/B+L/D+Off,189.0,Mon 31/3/25,2025,1
July Bettes,U40/48 Gloucester Rd,Belair,,427094978,Main B+LD+4 little rugs,189.0,Tues 15/4/25,2025,1
Kay Longe,2 Yamba Grove,West Lakes Shore,,450297761,LD+3b+sm L,189.0,Tues 18/2/25,2025,1
Bonnet,28 Mahagoney Cnr Christopher St,Dernancourt,,407971417,l1nhalf dining+1nhalfP+F+B,180.0,Fri 15/11/24,2024,1
Filimina  Labbaozzetta,11 Warren Ave,Paradise,,83377076,3br+2br walkways+l+h+sm rug,180.0,Mon 5/2/24,2024,1
Rebecca Lyman,Lot 111 Freebain Rd,Quorn,,407816210,4 BR walkways,180.0,Wed 14/8/24,2024,1
Matt Scholz-Max/Filomena,27 Vickers Vimmer Pde,Northgate,,412018133,4 br upstairs,179.0,Wed 9/4/25,2025,1
Patricia Dorsford,U7/33 Catalina St,Elizabeth East,,488003357,1R+Living areas,179.0,Mon 29/9/25,2025,1
Wendy Farwood,16 Hooper Rd,Strathalbyn,,407791554,2br+1 rug+3 mats,179.0,Thurs 24/10/24,2024,1
Brian Stewart,16 Wyong Rd,O'Sullivan Beach,,417551440,,170.0,Mon 10/2/25,2025,1
Denise Bushell,34 Aquamarine Ave,Salisbury East,,407796504,,170.0,Fri 17/1/25,2025,1
Rosella Rappell,1348 G J Rd,Hope Valley,,432679564,,170.0,Wed 15/10/25,2025,1
Stuart Wallis,48 Domain St,Moana,,410913314,Up BL+L down,170.0,Tues 4/2/25,2025,1
Chris,16 Bollard Tce,Seaford Meadows,,424701967,3b,169.0,Wed 7/5/25,2025,1
Clara,7 Pimelea Rd,Reynella,,450933942,3R+L,169.0,Fri 6/9/24,2024,1
Esmond & Richard Simpson,24 The Walk,Coromandel Valley,,438786324,4r+2rugs,169.0,Mon 22/1/24,2024,1
Jan Sherwell,15/30 Norfolk Rd,Marion,,82901206,,169.0,Mon 2/6/25,2025,1
Kylie Harrison,80F Lyndoch Rd,Gawler East,,438244313,,169.0,Wed  17/1/24,2024,1
Mrs Shute,U50/9 Happy Valley Dr,Happy Valley,5159,83922650,4r,169.0,Thurs 16/01/2025,2025,1
Deb James,34 Shakeshaft Dv,Normanville,,417881633,,160.0,Thurs 13/06/2024,2024,1
Jim Douglas,Villa 9 /6 North St,Henley Beach,,417875232,,160.0,Tues 18/3/25,2025,1
Maree Jolly,U89/28c King George Ave,Hove,,407603107,LBS+mats,160.0,Mon 9/12/2024,2024,1
Marrawyn Hearnden,1 Ralli-Werocta Rd,Balaklava,,409397123,2R$139 stains extra,160.0,Tues 10/9/24,2024,1
Michael Oakley,U223/18 Mcharge,Happy Valley,,458784218,LD,160.0,Mon 16/6/25,2025,1
Mrs Thomas & Ray Thomas,U55/12 Mccraken Ave,Mccracken,5211,85528728,L2B+runner+2 mats,160.0,Thurs 9/05/2024,2024,1
Phillip Keanihan,133 Commercial Rd,Salisbury,,427840534,,160.0,Fri 2/8/24,2024,1
Ann Corcoran,U44/1A Lynn St,Aberfoyle Pk,,405000347,2b+H+L,159.0,Mon 15/4/24,2024,1
Doug  & Ellis Steer,4 Stephens Ave,Strathalbyn,,448402132,LD+R+2 rugs,159.0,Wed 4/9/24,2024,1
Fay Galway,45 Strathmore Dve,Strathalbyn,,419253371,2 L rugs,159.0,,2025,1
Hew Grano,62 Harrow Road,College Park,,None,,159.0,Tues 14/1/25,2025,1
Lara Mccarron,U10/4 Macklin St,Hyde Park,,413380113,2 R,159.0,Thurs 6/2/25,2025,1
Lyla Davison,U1/81 Valley View Dve,Mclaren Vale,,83238337,P+L+D,159.0,Mon 29/4/24,2024,1
Michaela Ryan,78 Bourke St,                                                                                                             ,,408075111,2R+Rug,159.0,Wed 18/9/24,2024,1
Renate Falk,U55/9 Happy Valley Rd,Happy Valley,,411480139,LB+Off,159.0,Wed 5/3/25,2025,1
Katlyn Kiss,13 Farmer St,Newton,,413139976,R+L,150.0,Thurs 8/2/24,2024,1
Mrs Arthur Edward Cheadle,U14/21 Adelaide Rd Harbour Village,Mccracken,,75224485,,150.0,Wed 8/05/24,2024,1
Melina Stewart,8 McCann Ave,Glenleg North,,415756732,,149.0,2025-01-09 00:00:00,2025,1
Carolyne,51A First St,Quorn,,402444236,2 hall runners$110+rug$35,145.0,Thurs 1/2/24,2024,1
Carolyne Walters her mum,51A First St,Quorn,,402444236,2 hall runners+1 rug,145.0,Wed 14/8/24,2024,1
Daughter,,,,None,,144.0,,2025,1
Nina Jones,U118/30A Norfolk Rd,Marion,,417064898,LD+smH+1B,140.0,Thurs 14/11/24,2024,1
Trevor  & Rose Rappell,1348 Grand Junction road,Hope Valley,,409575257,"Family R , Passage & Lounge",140.0,Fri 19/4/24,2024,1
.l;,U4/15A Rosella St,Payneham,,None,3R,139.0,Tues 19/11/24,2024,1
Angela & Robert Shaw,U5/1 Barracks Lane,Bridgewater,,83993453,LB,139.0,Thurs 21/11/24,2024,1
Chris Graham,177 Broster Rd,Arthurton,,439684858,1 big rug,139.0,Inv sent 18/10/24,2024,1
Christine/John Cullea,10 Marina Ave Gate5,Belair,,434355748,LDB=sun/Off,139.0,Wed 11/11/24,2024,1
Leon/Beth Duke,10 Jenkin Ave,Victor,,409882548,2br+carpet square,139.0,Fri 14/6/24,2024,1
Leslie,U52/35 Coleman Pde,Evanston Pk,,403934426,3r,139.0,Thurs 8/8/24,2024,1
Paul Gee (Kenne),2A Macumba Ave,Lockleys,,417879370,3b+WIR,139.0,Tues 9/7/24,2024,1
Fay Coffer,U14/ Moore St,Pasadena,,None,B+L,130.0,Mon 3/3/25,2025,1
Katherine Brown, U13/Moore St,Pasadena,,438767927,B+Rug,130.0,Mon 3/3/25,2025,1
Mrs Joan Gurr,U78/3 Cashel St,Pasadena,,407509595,2r,130.0,Mon 24/02/2025,2025,1
Christine/Jonathan,U91/The Boulevard,Seaford Rise,,408606633,3R,129.0,Mon 22/1/24,2024,1
Evelyn Mack,70 Green Glade Dv,Paradise,,83377439,L+ little hallway,129.0,Wed 22/5/24,2024,1
Kath Bevan,U55/Moore Ave,Pasadena,,410181477,,129.0,Mon 26//5/25,2025,1
Kiro,U1/119 Gorge Rd,Paradise,,410591116,LDP,129.0,Mon 3/02/2025,2025,1
Pat Ellis,U25/ Moore St,Pasadena,,82765029,2b,129.0,Tues 15/4/25,2025,1
Peter & Mrs Russell,U1/1 Carlyle St,V/Harbour,5211,411204921,main bedroom,129.0,Fri 19/11/21,2024,1
Raelene,U8/60 George St,Marion,,408070975,,129.0,Tues 22/4/25,2025,1
Sister,52A Fentonaye,Christies Beach,,None,2 sm B+rug,129.0,Thur 12/12/24,2024,1
Denise Jones,1 Mann St,Hyde Park,,417887467/81720214,1 rug shaggy,120.0,Tues 26/11/2024,2024,1
Mother Minervini,U6/14 Walnut Gr,Dernancourt,,None,,120.0,Tues 3/6/25,2025,1
Mrs Peter & Jan Crawford,U56/28c King George Rd,Hove,120,435413998,2R,120.0,Tues 20/8/24,2024,1
Pat Illes,U25/Moore St,Pasadena,,410094500,2r,120.0,2024-07-31 00:00:00,2024,1
Rita Anesbry,3 Soth Tce,Quorn,,428581255,1Lounge room,120.0,Fri 23/5/25,2025,1
Chelsea Mitchell,11 Wyman Way,Woodcroft,,406023877,chocolate stain,110.0,Tues 8/7/25,2025,1
Evon Lucas,444/60 Cocorane ,West Lakes,,429381990,,110.0,Tues 21/5/24,2024,1
Kathleen/Angela  herdaughter,125 Victoria St,Peterborough,5422,86512268,2br,109.0,Tues 29/7/25,2025,1
New tenant - John & Robin Groves,U84/35 Coleman Pde,Evanston Park,,85237484,LD+rug,109.0,Fri 5/3/21,2024,1
Mrs Murphy,U3/1A Lynn St,Aberfoyle Pk,,82701115,2 recliners fabric,90.0,Tues 24/1/23,2025,1
Frank,8 Torrens Ave,Felixstow,,83375239,1 large rug,80.0,Fri 25/10/24,2024,1
Debra,16 Hampton Rd,Largs Bay,,None,,0.0,Wed 12/3/25,2025,1
Catherine Battersby,Wilmington Oval Complex,,428675076,None,,,Fri 23/5/25,2025,1
Ernse Bais,3 Chapel St,Strathalbyn,,412604309,3R+runner+rug,,Thurs 22/2/24,2024,1
Ian Thorpe,18235 Princess Highway,Kingston,,429672982,,,Fri 4/10/24,2024,1
Maureen,25 Etona Crt,Milang,,428880604,,,Mon 27/10/25,2025,1
