Tier,Status,Client_Name,Phone,Address,Suburb,Postcode,Region,Total_Jobs,Avg_Job_Value,Total_Revenue,Last_Year,Service_Notes
1-PLATINUM,ACTIVE,Gerda & Jeff- Real Estate Agent,427188316,76 South Tce ,Peterborough,5422,Regional SA,8,135,1083,2025,D+L+P+br
1-PLATINUM,ACTIVE,Bev Lois,85310275,24 Janice St,Murray Bridge,5254,Regional SA,8,122,980,2025,LDb+P+lounge chair
2-GOLD,ACTIVE,Emily Battersby,427822775,9 Beauval St,Wilmington,,Regional SA,7,133,934,2025,LR_ 1 br+ 1 rug
2-GOLD,ACTIVE,Janet  & Wayne Williams,86589018/487285979,15635 RM Williams Way,Carrieton,189,Regional SA,6,155,929,2025,L+2b+1mat
2-GOLD,ACTIVE,Mrs Christine Searle,85325303,5 River St,Murray Bridge,5254,Regional SA,6,138,825,2025,L+2P+ 1 round mat+free scotch
2-GOLD,ACTIVE,Julie,86589004/428499400,116 Main St,Carrieton,130,Regional SA,6,133,798,2025,1 big lounge 
2-GOLD,ACTIVE,Margaret Smith,86486277,Cnr 6th and 1st street (Church),Quorn,freezer left on by Suki no charge,Regional SA,6,124,746,2025,1 large room
2-GOLD,ACTIVE,James Eming,410651432,6 Little Corella Crt,Murray Bridge East,5253,Regional SA,5,188,939,2024,3r+L+h
2-GOLD,ACTIVE,Glenda Shepherd,419213780,7 Lorrikeet Ave,Murray Bridge,5254,Regional SA,5,133,667,2025,3r+Hshe asked  gave her price
2-GOLD,ACTIVE,Julie Chapman,458539730,15 Queen St,Peterborough,,Regional SA,5,132,660,2025,L+2br
2-GOLD,ACTIVE,Don Amess,85312918/466644257,29 Lodden Rd,Murray Bridge,5253,Regional SA,5,100,500,2025,L+H+b
3-SILVER,ACTIVE,Chris Casey,448550200,103 Moscow St,Peterborough,,Regional SA,4,294,1176,2024,4seater+LH
3-SILVER,ACTIVE,Mrs Joyce Phillips,85321706,111 Murray Dve,Murray Bridge,5254,Regional SA,4,129,516,2025,3r
3-SILVER,ACTIVE,Val Jackson,85324342,26 Melville Tce ,Murray Bridge,5253,Regional SA,4,125,499,2024,L+D+1br
3-SILVER,ACTIVE,Cheryl Moore,418192909,207 Warnertown Rd,Port Pirie,418192909,Regional SA,3,387,1160,2024,6 seater rino $240+4 rugs
3-SILVER,ACTIVE,Emma White,439131514,33 16th St,Orroroo,139,Regional SA,3,310,930,2024,3r 
3-SILVER,ACTIVE,Marie,86425756/448007545,7 Lawrence Pl,Pt Augusta,,Regional SA,3,163,489,2024,3br+L+P
3-SILVER,ACTIVE,Tony & Kay Finn,429486172,20 Sixth St,Quorn,,Regional SA,3,117,350,2025,LD+1BR+H
4-REPEAT,ACTIVE,Lorraine Potts,,25 Wattle Rd,Wilmington,400994459,Regional SA,2,169,338,2025,"br walkways,1 main br,lounge r,1 br,"
4-REPEAT,ACTIVE,Mrs Val May Phillips,85321504/407795706,1 Hawk Rd,Murray Bridge,5254,Regional SA,2,144,289,2025,3r+2rugs
5-SINGLE,ACTIVE,Cathy,408594515,10 Third st,Orroroo,,Regional SA,1,450,450,2024,3r+2 Lounge room
5-SINGLE,ACTIVE,Joan Marr,439000326,117 Noll St,Quorn,,Regional SA,1,230,230,2024,4R+ 3 rugs
5-SINGLE,ACTIVE,Rebecca Lyman,407816210,Lot 111 Freebain Rd,Quorn,,Regional SA,1,180,180,2024,4 BR walkways
5-SINGLE,ACTIVE,Carolyne,402444236,51A First St,Quorn,,Regional SA,1,145,145,2024,2 hall runners$110+rug$35
5-SINGLE,ACTIVE,Carolyne Walters her mum,402444236,51A First St,Quorn,,Regional SA,1,145,145,2024,2 hall runners+1 rug
5-SINGLE,ACTIVE,Rita Anesbry,428581255,3 Soth Tce,Quorn,,Regional SA,1,120,120,2025,1Lounge room
5-SINGLE,ACTIVE,Kathleen/Angela  herdaughter,86512268,125 Victoria St,Peterborough,5422,Regional SA,1,109,109,2025,2br
