Tier,Status,Client_Name,Phone,Address,Suburb,Postcode,Region,Total_Jobs,Avg_Job_Value,Total_Revenue,Last_Year,Service_Notes
1-PLATINUM,ACTIVE,Johan,407351004,31 Highway Drive,Morphetvale,,Metro Adelaide,16,125,1997,2024,2br+off+L+H
1-PLATINUM,ACTIVE,John,85583376/408583701,30 Elizabeth Cres,Carrickalinga,5204,Fleurieu Peninsula,15,149,2240,2025,3r
1-PLATINUM,ACTIVE,Ellen Weinert,412743569,U4/20A Cudmore Tce,Henley Beach,,Metro Adelaide,15,145,2177,2025,BP+D
1-PLATINUM,ACTIVE,Colleen Mccalum,85526572/408841921,54 Grantley Ave,Victor Harbor,jc.mccallum@bigpond.com.au,Fleurieu Peninsula,12,173,2079,2025,L+Family+3 br
1-PLATINUM,ACTIVE,Julie Hollams,88322698/417859251,38A Belmont Cres,Maitland,EFT Paid,Yorke Peninsula,11,149,1640,2025,3r+2 large rugs
1-PLATINUM,ACTIVE,Mrs Blanchard,85526926,17 Gare Crt,V Harbour,5211,Fleurieu Peninsula,10,373,3728,2025,L+B+1long runner+2 sm runners+1 round mat+1 rect mat
1-PLATINUM,ACTIVE,Arthur Diamond,83565806/401438002,94 Henley Beach Rd,Mile End,5023,Metro Adelaide,10,234,2343,2025,289
1-PLATINUM,ACTIVE,Mrs Ann Solomon,81795654/411094655,U54/3 Cashel St,Pasadena,431421894,Metro Adelaide,10,173,1734,2025,D+L+2b+study
1-PLATINUM,ACTIVE,Anna Green,400989665/,36 Tucker Cres,North Haven,D+L+P - cats throw up,Metro Adelaide,10,149,1486,2024,2b +LD+P
1-PLATINUM,ACTIVE,Vicki Ellis,429846291,64 Valley View Rd,Mclaren Vale,5171,Fleurieu Peninsula,9,272,2452,2025,7 seater$2801x2 fabric$150L4b+rug$220
1-PLATINUM,ACTIVE,Mrs Daphne Neville,85552930/411091294,48 Quebec St,Goolwa,5214,Fleurieu Peninsula,9,133,1201,2025,L1b
1-PLATINUM,ACTIVE,Mrs Smith,82635512,6 Teak Ave,St Agnes,5097,Metro Adelaide,9,122,1095,2025,LHDBR
1-PLATINUM,ACTIVE,Mrs Liz Kibbler,88622081,11 Kelly St,Balaklava,5461,Yorke Peninsula,9,107,960,2025,L D Comb
1-PLATINUM,ACTIVE,Belinda Wunder,418859440,625 Clinton Rd,Maitland,5573,Yorke Peninsula,8,374,2989,2025,3br+P+4rugs+2 ottoman
1-PLATINUM,ACTIVE,Gale Martin,85561223/438829076,316 Blockers Rd,Myponga,5202,Fleurieu Peninsula,8,262,2095,2025,3br+H
1-PLATINUM,ACTIVE,Mrs Braithwaite,85582097,4 Banksia Crt,Normanville,5204,Fleurieu Peninsula,8,139,1113,2025,L+main br+P
1-PLATINUM,ACTIVE,Margaret Kelly,85237441,U41/35 Coleman Pde,Evanston Pk,5116,Metro Adelaide,8,138,1105,2025,2bLD+P
1-PLATINUM,ACTIVE,Gerda & Jeff- Real Estate Agent,427188316,76 South Tce ,Peterborough,5422,Regional SA,8,135,1083,2025,D+L+P+br
1-PLATINUM,ACTIVE,Maria,438031989,143 Lyons Rd,Dernancourt,5075,Metro Adelaide,8,135,1078,2024,2 seater+LHB
1-PLATINUM,ACTIVE,Carol Brown,82980670/455577782,U70/28c King George Ave,Hove,,Metro Adelaide,8,133,1061,2024,LDB
1-PLATINUM,ACTIVE,Bev Lois,85310275,24 Janice St,Murray Bridge,5254,Regional SA,8,122,980,2025,LDb+P+lounge chair
1-PLATINUM,ACTIVE,Mrs Helen Baker,83423454/407830640,22 Munroe Ave,Sefton Park,5083,Metro Adelaide,8,122,980,2025,LP+1b
1-PLATINUM,ACTIVE,Margaret & Dennis,417870943,U11/1A Lynn St,Aberfoyle Pk,5159,Metro Adelaide,8,122,977,2025,2b+H+LD
1-PLATINUM,ACTIVE,Andrew/Angela Shiller,85527754/428964118,114 Wattle Drv,Mccraken,5211,Fleurieu Peninsula,8,112,899,2025,H+L+B
1-PLATINUM,ACTIVE,Ross Tuckwell,400168064,U3/61 Riverside Dve,Goolwa Sth,5214,Fleurieu Peninsula,8,100,800,2025,
2-GOLD,ACTIVE,Samantha Martin,400037554,121 Lawless Lane,Myponga,,Fleurieu Peninsula,7,427,2992,2025,4br+Large mat in living area+6 seater
2-GOLD,ACTIVE,Kathryn Crouch,86366223/417817624,187 RiverGlen Rd,Crystal Brook/Merriton,Kingstown,Metro Adelaide,7,297,2082,2025,2R+LD+Back Room + Rug
2-GOLD,ACTIVE,Mr Ian Fraser,82618676,10 Cameron Rd,Klemzig,5087,Metro Adelaide,7,269,1885,2024,2 medium rugs+2runnersb+office
2-GOLD,ACTIVE,Judy Wells,81861296/411502218,131 Murray Rd,Port Noarlunga,5168,Metro Adelaide,7,195,1365,2025,all carpets+L+TVR+D+H+bed
2-GOLD,ACTIVE,Mary Smith,409875406,1B Tarcoola Ave,Brighton,Suki,Metro Adelaide,7,181,1266,2025,LD+3Br+Rug
2-GOLD,ACTIVE,Mrs Rosemary Butler,82782773,5 Trevilyan Crt,Coromandel Valley,,Metro Adelaide,7,137,958,2025,FHB+scotch
2-GOLD,ACTIVE,Sue Mitchell,82776370/417889973/458544125,U7/37 Whyte St,Somerton Pk,EFT paid,Metro Adelaide,7,135,946,2025,3r
2-GOLD,ACTIVE,Emily Battersby,427822775,9 Beauval St,Wilmington,,Regional SA,7,133,934,2025,LR_ 1 br+ 1 rug
2-GOLD,ACTIVE,Ern/Pat Kelly,83828131,27 Esplanade St Centre Dover Pl,Christies Beach,5164,Metro Adelaide,6,312,1870,2025,14 steps+ landing
2-GOLD,ACTIVE,Paula Wegener,437235662,1341  Maitland Adrossan Rd,Ardrossan,EFT ,Yorke Peninsula,6,198,1185,2024,LP+2rugs+2 bar stools+bedroom
2-GOLD,ACTIVE,Mrs Jane Lowry/Malcolm,85521967/409521967,106 Wattle Dve,Victor,5211,Metro Adelaide,6,174,1046,2024,2B+study+P+halway+2 recliners
2-GOLD,ACTIVE,Jamie Francis,429977853,539 Maitland Rd,Maitland,,Yorke Peninsula,6,158,946,2025,5 an half rooms
2-GOLD,ACTIVE,Janet  & Wayne Williams,86589018/487285979,15635 RM Williams Way,Carrieton,189,Regional SA,6,155,929,2025,L+2b+1mat
2-GOLD,ACTIVE,Helen Blake,82787264/499888746,U17/71 Glouchester Ave,Belair,,Metro Adelaide,6,154,927,2025,LD2b
2-GOLD,ACTIVE,Laurie & Jennifer Day,85565439/403803533,82 Nicholl Ave,Aldinga Beach,5173,Fleurieu Peninsula,6,153,920,2025,3r+2rugs
2-GOLD,ACTIVE,Leoni Dohnt,439465520/86363124,2 Ferguson St,Crystal Brook,,Metro Adelaide,6,152,915,2024,LH+1 recliner
2-GOLD,ACTIVE,Ann Fawkner,85526074,U1/29 Adelaide Rd,Mccracken,435085040,Fleurieu Peninsula,6,146,877,2025,LD+1br+study+mat
2-GOLD,ACTIVE,Lynn Pratt,439899496,2A Jersey Crescent,Goolwa Nth,,Fleurieu Peninsula,6,140,837,2025,2r+1 lounge mat
2-GOLD,ACTIVE,Mrs Christine Searle,85325303,5 River St,Murray Bridge,5254,Regional SA,6,138,825,2025,L+2P+ 1 round mat+free scotch
2-GOLD,ACTIVE,Mary Roesler,85237494,U94/35 Coleman Pd,Evanston Park,,Metro Adelaide,6,136,815,2025,1b+P+L
2-GOLD,ACTIVE,Max Jones,83681840,U179/ Homestead Ave,Walkleys Hgts,shd be $1290,Metro Adelaide,6,134,805,2024,LD+2Br+P
2-GOLD,ACTIVE,Julie,86589004/428499400,116 Main St,Carrieton,130,Regional SA,6,133,798,2025,1 big lounge 
2-GOLD,ACTIVE,Theresa Slee,85541809,U107/18 Montpellier Tce,Pt Elliott,,Metro Adelaide,6,131,787,2025,3B+H
2-GOLD,ACTIVE,Jeff Watkins,402813472/85523695,33 Rapid Ave,V Harbour,,Fleurieu Peninsula,6,126,754,2024,1b+L+back R+WIR+mat
2-GOLD,ACTIVE,Margaret Smith,86486277,Cnr 6th and 1st street (Church),Quorn,freezer left on by Suki no charge,Regional SA,6,124,746,2025,1 large room
2-GOLD,ACTIVE,Mr Clayburn,85237418,U18/35 Coleman Pde,Evanston Gdns,5116,Metro Adelaide,6,119,714,2025,LDH
2-GOLD,ACTIVE,Mrs Mary Lovegrove,82636437,U24/1215 G J Rd,Hope Valley,,Metro Adelaide,6,111,668,2025,3r
2-GOLD,ACTIVE,Ann Mathews,85237443/400610117,U43/35 Coleman Pde,Evanston Park,400610117,Metro Adelaide,6,111,665,2025,L+2br walkways
2-GOLD,ACTIVE,Mrs Wood,85551486,90 Fenchurch St,Goolwa,5214,Fleurieu Peninsula,6,101,606,2025,LB+3 tiny mats
2-GOLD,ACTIVE,Juliene & James Vandepeer,88373269/438032418,1239 Maitland Rd ,Ardrossan,EFT ,Yorke Peninsula,5,503,2513,2025,3 rooms+L$169 white rug$50Long blue sofa$249
2-GOLD,ACTIVE,Annette Gilson,419810535,33/7 Liberman Close,Adelaide,5051,Metro Adelaide,5,352,1762,2025,3bH/stairs+lounge downstairs
2-GOLD,ACTIVE,Trevor,84494259/428815909,17 Clair St,Largs Bay,,Metro Adelaide,5,340,1698,2025,4bLD+L downstairs+34 steps
2-GOLD,ACTIVE,Jenny Corkhill,82689789/422187907,86 Pulsford Rd,Prospect,345,Metro Adelaide,5,311,1555,2025,1r$119sm rug$25 medium rug$50
2-GOLD,ACTIVE,June Turner,84458030/437888138,72 Trimmer Pde,Seaton,5023,Metro Adelaide,5,309,1547,2025,2r$120+3seater$140
2-GOLD,ACTIVE,David Mills,439812241/85918180,17 Catt Dr,Strathalbyn,,Fleurieu Peninsula,5,308,1539,2024,5seater+L+ 1BR+H
2-GOLD,ACTIVE,Colleen,82769762,3 Clifford St,Ascot Pk,5043,Metro Adelaide,5,272,1360,2024,L2b+2x2 fabric
2-GOLD,ACTIVE,Helen Duncan Stacey,416075052/85363069,17 Harriet St Strathalbyn,Strathalbyn,5255,Fleurieu Peninsula,5,225,1123,2025,LD+1R+P rooms+ B & B (1R)
2-GOLD,ACTIVE,C Carter,82625415,58 Fairview Tce ,Clearview,,Metro Adelaide,5,221,1107,2025,3 chairs scotch+all carpets
2-GOLD,ACTIVE,Jenny Pritchard,407793746,8 Markland St,Milang,,Fleurieu Peninsula,5,219,1094,2025,2 seater+chair$110L rug+2runners$100
2-GOLD,ACTIVE,John Williams/Brenda,83518110/409005805,388 Henley Beach Rd,Lockleys,220,Metro Adelaide,5,205,1027,2024,3x2 leather brown
2-GOLD,ACTIVE,Kevin & Sharyn Smith,447781812,47 Mitchell St East,Seaton,EFT paid,Metro Adelaide,5,199,996,2025,3R+ 2seater+ rug
2-GOLD,ACTIVE,Tony & Janne Nelson,85543626/408976670,U162/18 Montpellier Tce,Pt Elliott,5212,Metro Adelaide,5,198,990,2025,3br+1 xtra large rug+1 runner+2 mediuam rugs+1 sma round mat
2-GOLD,ACTIVE,Leela Goodman,83691002/0427052675,42 Thornton Dve,Greenwith,EFT Paid,Metro Adelaide,5,190,949,2025,3b+L+off
2-GOLD,ACTIVE,James Eming,410651432,6 Little Corella Crt,Murray Bridge East,5253,Regional SA,5,188,939,2024,3r+L+h
2-GOLD,ACTIVE,Mrs Sadler,85362372/477782441,7 Albion Dve,Strathalbyn,5255,Fleurieu Peninsula,5,184,922,2024,1 room
2-GOLD,ACTIVE,Helen Daulby,437238568,33C Fidock Rd,Goolwa Nth,,Fleurieu Peninsula,5,182,909,2025,leather lounge+2rugs
2-GOLD,ACTIVE,John & Marion Balestrin,86363058,5 Ferguson St,Crystal Brook,159,Metro Adelaide,5,175,875,2025,LD1+xtra B
2-GOLD,ACTIVE,Mrs Jones,82982975,9B Farquhar St,Oaklands Pk,5214,Metro Adelaide,5,170,850,2024,1 r
2-GOLD,ACTIVE,Chris Freeman/John,85582514/407796732,1 Burnard St,Normanville,438843278,Fleurieu Peninsula,5,169,847,2024,LB+1 rug
2-GOLD,ACTIVE,Peter Wilson,86366252/418366252,7 Ferguson,Crystal Brook,,Metro Adelaide,5,165,827,2025,Lounge 
2-GOLD,ACTIVE,David Smoker,85542174/417465989,U119/18 Montpellier Tce,Pt Elliott,5212,Metro Adelaide,5,165,826,2025,3B+study + 2 rugs
2-GOLD,ACTIVE,Jill Kerr,414914386,272A Lower Athelstone Road,Athelstone,5076,Metro Adelaide,5,163,815,2025,4br+P
2-GOLD,ACTIVE,Janet,458045100,1400A Paris Creek Road Glenbar,Strathalbyn,85362017,Fleurieu Peninsula,5,163,813,2025,3r
2-GOLD,ACTIVE,Jan White,434815957,11 Tuscany Way,Woodcroft,5162,Metro Adelaide,5,160,800,2024,LDP+2b
2-GOLD,ACTIVE,Mrs Nettle,86632387/409907748/428632387,28 Dolphin Rd,Fishermans Bay,5480,Metro Adelaide,5,157,785,2024,LD(Rugs over)+B+K+P
2-GOLD,ACTIVE,Esther & Phillip Smith,402096794,14 Eagle Hawk Rd,Modbury,,Metro Adelaide,5,152,759,2025,LD+br walkways only
2-GOLD,ACTIVE,Leslie Briggs,85555241,U12/192 Liverpool Rd,Goolwa,5214,Fleurieu Peninsula,5,152,758,2025,2 rugs+office
2-GOLD,ACTIVE,Wendy Turbul / Mrs West,438823568,12 Ayr Court ,Semaphore Pk,Leather Lounge,Metro Adelaide,5,147,736,2024,3r+1 rug 
2-GOLD,ACTIVE,Carmel Schofield,83513843,15A Allchurch Ave,North Plympton,,Metro Adelaide,5,143,715,2025,3br+rug+6 dining chairs
2-GOLD,ACTIVE,Alison Jefferies,408547109,U103/18 Cross Rd,Myrtle Bank,,Metro Adelaide,5,141,707,2024,LBH
2-GOLD,ACTIVE,Mrs Tham,85525394,30 The Parkway,Victor Harbor,5211,Fleurieu Peninsula,5,140,702,2025,2R+P+area in L
2-GOLD,ACTIVE,Lillian James,88252544,U50/7 James Place,Moonta,,Yorke Peninsula,5,139,695,2024,L+B+1br+P
2-GOLD,ACTIVE,Susan Pavia,421918055,U68/28c King George St,Hove,R/C,Metro Adelaide,5,137,686,2025,4r
2-GOLD,ACTIVE,Glenda Shepherd,419213780,7 Lorrikeet Ave,Murray Bridge,5254,Regional SA,5,133,667,2025,3r+Hshe asked  gave her price
2-GOLD,ACTIVE,Julie Chapman,458539730,15 Queen St,Peterborough,,Regional SA,5,132,660,2025,L+2br
2-GOLD,ACTIVE,Vicky Johnson,new phone475063717,11 Roberts Ave,Balaklava,,Yorke Peninsula,5,131,655,2025,3r+x room
2-GOLD,ACTIVE,Wendy Gardener,81795606,U6/3 Cashel St,Pasadena,5042,Metro Adelaide,5,131,655,2024,DLH+sm mat
2-GOLD,ACTIVE,Helvi,83922749,U149/9 Happy Valley Dve,Happy Valley,,Metro Adelaide,5,130,648,2025,3r
2-GOLD,ACTIVE,Pam Fletcher,83226817,U/86 50 Woodcroft Dve M/Vale,Morphetvale,,Metro Adelaide,5,130,648,2024,PLDB
2-GOLD,ACTIVE,Richard Hatcher,85223539/408085739,U255/36 Hillier Road,Hillier,5116,Metro Adelaide,5,126,628,2025,L+2R
2-GOLD,ACTIVE,Margaret Johnson,400207134,13 Roberts Ave,Balaklava,,Yorke Peninsula,5,122,608,2025,2r
2-GOLD,ACTIVE,Maureen& Ray Krause,82777084,120/7 Sommer Pl,Pasadena,,Metro Adelaide,5,121,606,2025,LDH
2-GOLD,ACTIVE,Ann Steward,423529773,U1/10 Don Ave,Seacliff Park,5049,Metro Adelaide,5,113,565,2025,L2r+P
2-GOLD,ACTIVE,Beth Marsh,81795615,15/3 Cashel St,Pasadena,5042,Metro Adelaide,5,112,559,2025,dbl
2-GOLD,ACTIVE,Sandy,427336492,2542 Bull Creek Rd,Tooperang,5210,Metro Adelaide,5,112,559,2024,L+back roo+2 rugs
2-GOLD,ACTIVE,Jim Schroeder,83871197,U106/50 Woodcroft Dve,Morphettvale,5162,Metro Adelaide,5,109,547,2025,1b2little r+sitting r
2-GOLD,ACTIVE,Mr Rasmas,412870794,15 Mullins St,Pasadena,,Metro Adelaide,5,106,530,2025,B+H+L
2-GOLD,ACTIVE,Mrs Val Moody,82774080,17 Seymour Tce,Ascot Park,,Metro Adelaide,5,106,529,2025,LDP
2-GOLD,ACTIVE,Don Amess,85312918/466644257,29 Lodden Rd,Murray Bridge,5253,Regional SA,5,100,500,2025,L+H+b
